fragment_id,source_dataset,review_id,variant_fragment_raw,variant_fragment_normalized,phonetic_text,pinyin_reading,canonical_fragment,canonical_phonetic_text,canonical_pinyin_reading,ipa,ipa_candidate,canonical_ipa,canonical_ipa_candidate,needs_manual_review,manual_review_reasons,extraction_method,category,review_categories,official_code_pinyin,official_decode_pinyin,official_code_ipa,official_decode_ipa,original_review,decode_review,source_instance_count,source_review_ids,deduplication_key,split
codedlang:873:01,Crowd-AI-Lab/CodedLang,873,一p,一p,一p,yi p,一批,一批,yi pi,i pˈiː,i pˈiː,i pʰi,i pʰi,否,[],official_dictionary_casefold,语音替代,phonetic,yi1 p,yi1 pi1,i˥ ˈpi,i˥ pʰi˥,"很同意上一条评价，老板老板娘毫无诚信可言，刚开店的时候老板娘态度以及店员服务都不错，但生意好起来就原形毕露。1. 态度拽的一p，以为自己做个小生意真成大老板了 2. 东西size越来越小，口味也是一般般。总之不会再来了。胖妮和不见不散，老江湖都比这个强。 Dishonest owner. 1. Service is terrible 2. Food is way overpriced, would recommend Darin bbq/ see you again bbq","很同意上一条评价，老板老板娘毫无诚信可言，刚开店的时候老板娘态度以及店员服务都不错，但生意好起来就原形毕露。1. 态度拽的一批，以为自己做个小生意真成大老板了 2. 东西size越来越小，口味也是一般般。总之不会再来了。胖妮和不见不散，老江湖都比这个强。 啲ishonest owner. 1. Service is terri逼le 2. Food is way overpriced, would reco妹妹end 啲arin 逼逼q/ see you again 逼逼q",1,"[""873""]",一p -> 一批,train
codedlang:157:04,Crowd-AI-Lab/CodedLang,157,下剑,下剑,下剑,xia jian,下贱,下贱,xia jian,ɕia tɕiɛn,ɕia tɕiɛn,ɕia tɕiɛn,ɕia tɕiɛn,否,[],official_dictionary_casefold,非词汇同音词,"ambiguous_homophone, non_lexical_homophone, phonetic",xia4 jian4,xia4 jian4,ɕja˥˩ tɕjɛ˥˩n,ɕja˥˩ tɕjɛ˥˩n,加福草泥马的，保险给你钱了尼玛跟我索赔，尼玛脑门子被JB顶坏了是不是，我打电话给保险，保险跟我说付过你们钱了 让我打电话给你们，你们这才知道付过钱了，现在一声不吭了，服务态度差的跟没家教一样，没人教是不是，下剑胚子，DON'T COME THIS PLACE ，They will ask you for a claim after they charge，They are very rude and uneducated!Very unprofessional!!!,加福操你妈的，保险给你钱了你妈跟我索赔，你妈脑门子被鸡巴顶坏了是不是，我打电话给保险，保险跟我说付过你们钱了 让我打电话给你们，你们这才知道付过钱了，现在一声不吭了，服务态度差的跟没家教一样，没人教是不是，下贱胚子，啲ON'T COME THIS PLACE ，They will ask you for a claim after they charge，They are very rude and uneducated!Very unprofessional!!!,2,"[""157"", ""168""]",下剑 -> 下贱,train
codedlang:379:01,Crowd-AI-Lab/CodedLang,379,8,8,八,ba,不,不,bu,pa,pa,pu,pu,否,[],official_dictionary_casefold,歧义同音词,ambiguous_homophone,ba1,bu4,pa˥,pu˥˩,8太行,不太行,1,"[""379""]",8 -> 不,train
codedlang:44:02,Crowd-AI-Lab/CodedLang,44,chǒu,chǒu,chǒu,ch ǒ u,丑,丑,chou,,sˌiːˈeɪtʃ u,ʈʂʰoʊ,ʈʂʰoʊ,是,"[{""type"": ""source_unresolved_symbol_or_digit""}]",official_dictionary_casefold,语音替代,non_lexical_homophone,chǒu,chou3,ʈ͡ʂʰòʊ̯,ʈ͡ʂʰòʊ̯,一进门就推销酒，说了不喝还没完没了。完后水跟鱼塘里盛出来的似的，一股鱼腥味，鸡肉干的跟木头似的，连鸡腿都跟特么跟树枝似的，整顿饭最好吃的是餐前上的香蕉干儿，给得还挺多，就是吃到一半的时候，服务员给拿走了，不知道是不是给下一桌了。服务员也是chǒu绝了，估计是老板从进的猪肉里挑的，胖就算了，还丑，丑就算了，还化一个更丑的妆，这也就算了，还一个劲儿地往上凑，吓唬谁呢。最后还强加18%的服务费，最后还有add tips一栏，也是醉了。在迈阿密吃的最烂的一顿饭。知道你们美国跟古巴有仇，也不至于这么糟践人家吧。,一进门就推销酒，说了不喝还没完没了。完后水跟鱼塘里盛出来的似的，一股鱼腥味，鸡肉干的跟木头似的，连鸡腿都跟他妈跟树枝似的，整顿饭最好吃的是餐前上的香蕉干儿，给得还挺多，就是吃到一半的时候，服务员给拿走了，不知道是不是给下一桌了。服务员也是丑绝了，估计是老板从进的猪肉里挑的，胖就算了，还丑，丑就算了，还化一个更丑的妆，这也就算了，还一个劲儿地往上凑，吓唬谁呢。最后还强加1不%的服务费，最后还有add tips一栏，也是醉了。在迈阿密吃的最烂的一顿饭。知道你们美国跟古巴有仇，也不至于这么糟践人家吧。,1,"[""44""]",chǒu -> 丑,train
codedlang:12:01,Crowd-AI-Lab/CodedLang,12,惹,惹,惹,re,了,了,le,ɻɤ,ɻɤ,lɤ,lɤ,否,[],official_dictionary_casefold,歧义同音词,ambiguous_homophone,re3,le,ɻɤ˧˩˧,lɤ,一不小心 還是買惹 vitamin & nuts 0305y14,一不小心 還是買了 vitamin & nuts 0305y14,14,"[""12"", ""548"", ""562"", ""640"", ""667"", ""675"", ""681"", ""697"", ""698"", ""741"", ""767"", ""776"", ""807"", ""813""]",惹 -> 了,train
codedlang:878:02,Crowd-AI-Lab/CodedLang,878,二nei村,二nei村,二nei村,er nei cun,二奶村,二奶村,er nai cun,əɻ nei tsʰuən,əɻ nei tsʰuən,əɻ nai tsʰuən,əɻ nai tsʰuən,否,[],official_dictionary_casefold,语音替代,"non_lexical_homophone, phonetic",er4 nei cun1,er4 nai3 cun1,ɚ˥˩ nei̯ tsʰwə˥n,ɚ˥˩ nai̯˧˩˧ tsʰwə˥n,5星推荐-不要被中文译名迷糊了，这儿对于国人就是一处万国园。 有植物园，收藏园，各国特色建筑园，综合类园。 推荐仙人掌园，直走左侧。 推荐中国园和日本园，还有儿童迷你乐园。 图书馆可以不进。 收藏馆可以不进。 用逛植物园和猎奇的心态去逛。 穿双好鞋，因为会走很久。 停车场免费，但小心车里不要留钱财衣物，还是有贼人来砸车窗的。 整个园林很大，但其实更有名气的是园林所在的城市，在落膻鸡有二nei村之美称。号称吴xiu波等大陆戏子均在此有宅子。 不多说了，有钱人的世界你们最懂。,5星推荐-不要被中文译名迷糊了，这儿对于国人就是一处万国园。 有植物园，收藏园，各国特色建筑园，综合类园。 推荐仙人掌园，直走左侧。 推荐中国园和日本园，还有儿童迷你乐园。 图书馆可以不进。 收藏馆可以不进。 用逛植物园和猎奇的心态去逛。 穿双好鞋，因为会走很久。 停车场免费，但小心车里不要留钱财衣物，还是有贼人来砸车窗的。 整个园林很大，但其实更有名气的是园林所在的城市，在洛杉矶有二奶村之美称。号称吴秀波等大陆戏子均在此有宅子。 不多说了，有钱人的世界你们最懂。,1,"[""878""]",二nei村 -> 二奶村,train
codedlang:230:01,Crowd-AI-Lab/CodedLang,230,五花又,五花又,五花又,wu hua you,五花肉,五花肉,wu hua rou,u xua iou,u xua iou,u xua ɻoʊ,u xua ɻoʊ,否,[],official_dictionary_casefold,非词汇同音词,non_lexical_homophone,wu3 hua1 you4,wu3 hua1 rou4,u˧˩˧ xwa˥ jou̯˥˩,u˧˩˧ xwa˥ ɻou̯˥˩,五花又,五花肉,1,"[""230""]",五花又 -> 五花肉,train
codedlang:606:02,Crowd-AI-Lab/CodedLang,606,rmb,rmb,rmb,rmb,人民币,人民币,ren min bi,ˌɑːɹˌɛmbˈiː,ˌɑːɹˌɛmbˈiː,ɻən min pi,ɻən min pi,否,[],official_dictionary_casefold,语音替代,phonetic,rmb,ren2 min2 bi4,ˈɑɹ ˈɛm pi˥,ɻə˧˥n mi˧˥n pi˥˩,别被广告骗了，皮厚到没朋友，厚就算了还不劲道 全tm漏了，里面还不刷酱，果子也不脆，你直接去超市买墨西哥玉米饼卷卷都比这强，这水平不如国内学校门口5块rmb煎饼果子水平高，吃完了到现在想想我还反suan水。,别被广告骗了，皮厚到没朋友，厚就算了还不劲道 全他妈漏了，里面还不刷酱，果子也不脆，你直接去超市买墨西哥玉米饼卷卷都比这强，这水平不如国内学校门口5块人民币煎饼果子水平高，吃完了到现在想想我还反酸水。,1,"[""606""]",rmb -> 人民币,train
codedlang:126:01,Crowd-AI-Lab/CodedLang,126,神马,神马,神马,shen ma,什么,什么,shen me,ʂən ma,ʂən ma,ʂən mɤ,ʂən mɤ,否,[],official_dictionary_casefold,歧义同音词,ambiguous_homophone,shen2 ma3,shen2 me,ʂə˧˥n ma˧˩˧,ʂə˧˥n mɤ,北京烤鸭，夫妻肺片，麻辣牛筋，西湖牛肉羹神马的都很给力~ 强烈建议推出炒肝，油条，煎饼果子，豆腐脑，豆浆，皮蛋瘦肉粥，羊杂，烩面，羊肉泡馍，以及锅巴类食品。。,北京烤鸭，夫妻肺片，麻啦牛筋，西湖牛肉羹什么的都很给力~ 强烈建议推出炒肝，油条，煎饼果子，豆腐脑，豆浆，皮蛋瘦肉粥，羊杂，烩面，羊肉泡馍，以及锅巴类食品。。,4,"[""126"", ""163"", ""347"", ""462""]",神马 -> 什么,train
codedlang:44:01,Crowd-AI-Lab/CodedLang,44,特么,特么,特么,te me,他妈,他妈,ta ma,tʰɤ mɤ,tʰɤ mɤ,tʰa ma,tʰa ma,否,[],official_dictionary_casefold,非词汇同音词,non_lexical_homophone,te4 me,ta1 ma1,tʰɤ˥˩ mɤ,tʰa˥ ma˥,一进门就推销酒，说了不喝还没完没了。完后水跟鱼塘里盛出来的似的，一股鱼腥味，鸡肉干的跟木头似的，连鸡腿都跟特么跟树枝似的，整顿饭最好吃的是餐前上的香蕉干儿，给得还挺多，就是吃到一半的时候，服务员给拿走了，不知道是不是给下一桌了。服务员也是chǒu绝了，估计是老板从进的猪肉里挑的，胖就算了，还丑，丑就算了，还化一个更丑的妆，这也就算了，还一个劲儿地往上凑，吓唬谁呢。最后还强加18%的服务费，最后还有add tips一栏，也是醉了。在迈阿密吃的最烂的一顿饭。知道你们美国跟古巴有仇，也不至于这么糟践人家吧。,一进门就推销酒，说了不喝还没完没了。完后水跟鱼塘里盛出来的似的，一股鱼腥味，鸡肉干的跟木头似的，连鸡腿都跟他妈跟树枝似的，整顿饭最好吃的是餐前上的香蕉干儿，给得还挺多，就是吃到一半的时候，服务员给拿走了，不知道是不是给下一桌了。服务员也是丑绝了，估计是老板从进的猪肉里挑的，胖就算了，还丑，丑就算了，还化一个更丑的妆，这也就算了，还一个劲儿地往上凑，吓唬谁呢。最后还强加1不%的服务费，最后还有add tips一栏，也是醉了。在迈阿密吃的最烂的一顿饭。知道你们美国跟古巴有仇，也不至于这么糟践人家吧。,56,"[""44"", ""55"", ""65"", ""68"", ""76"", ""85"", ""86"", ""88"", ""92"", ""103"", ""105"", ""111"", ""114"", ""133"", ""135"", ""138"", ""147"", ""149"", ""156"", ""160"", ""167"", ""170"", ""190"", ""194"", ""209"", ""225"", ""234"", ""236"", ""248"", ""291"", ""299"", ""308"", ""315"", ""316"", ""322"", ""331"", ""332"", ""336"", ""338"", ""341"", ""348"", ""352"", ""363"", ""373"", ""395"", ""403"", ""415"", ""422"", ""428"", ""430"", ""434"", ""445"", ""464"", ""472"", ""491"", ""523""]",特么 -> 他妈,train
codedlang:60:01,Crowd-AI-Lab/CodedLang,60,tm,tm,tm,tm,他妈,他妈,ta ma,tˌiːˈɛm,tˌiːˈɛm,tʰa ma,tʰa ma,否,[],official_dictionary_casefold,语音替代,"non_lexical_homophone, phonetic",tm,ta1 ma1,ˈti ˈɛm,tʰa˥ ma˥,Best Chinese food in Hawaii！  对于中国人来讲，吃，应该是人生中最重要的事情了！大家见面都喜欢问：吃了吗？与吃相关的词汇更是数不胜数：吃豆腐、吃官司、吃不了兜着走、吃一堑长一智、吃里扒外...不过这些与真正的吃都没啥联系。现在中国大江南北、长城内外，各大菜系的餐厅应该都开得琳琅满目，街边小吃也数不胜数。不过从美食小吃的品种、数量、味道及受欢迎程度上来看，还是以发源于南方的美食小吃占主导，特别是来自巴蜀大地的。八大菜系里也只有鲁菜是发源于北方的。其实这也是有原因的，个人愚见：首先南方的物产肯定是比北方要丰富，其次北方历史上不是天灾就是人祸的，民众能够填饱肚子都算不错了，哪儿有那么多闲情逸致向南方人那样研究吃的啊。  对于生活在海外的很多中国人来讲，吃，应该也算是最痛苦的事情了。除了洛杉矶那些遍地地道中餐的城市以及啃汉堡面包也能度日的亲。很多中国人到了国外，可能当地的语言没有学好，但是厨艺肯定突飞猛进了。还好我在国内时，厨艺还算过意得去，来夏威夷一切也就艰苦奋斗、自力更生了，唐人街能够买到酱油、醋、豆瓣酱及其它基本的香料和调料 ，除了花椒需要从成都带来夏威夷。之前夏威夷几乎难觅到好吃的中餐，多是菜做得都不咋正宗店面装修得破破烂烂的广东餐厅为主，这些餐厅都喜欢夹杂着卖点儿厨艺还不如我的川菜等其它菜系的菜，就不好好干自己的老本行，你说这东西能做的好吃吗。美国的很多所谓的中餐还是韩国人开的，有的炒菜的厨师还tmd墨西哥人，而很多日本拉面店啥的都是中国人开的。  上前年的时候，夏威夷才开了一间环境及菜品都还不错的小肥羊火锅店，也终算是有了一间拿得出手可以给中国人长点儿脸的中餐厅了。虽然很多国内来的客人都说小肥羊在中国不好吃也都快开不下去，不过夏威夷的小肥羊生意却异常的好，基本上都需要排队。这是为何？因为现在夏威夷生活的中国人及来旅游的中国人真不少，但是拿得出手的中餐真是寥寥无几。以前都不敢带日本妹纸吃Chinese Food，味道都是其次，多数餐厅的环境太tm吓人，怕给中国人丢脸。不管在国内还是国外，很多中餐厅给人的感觉就是脏乱破，都不知道经营者是咋想的，就舍不得把环境卫生弄好一点，再看看人家日本人韩国人的餐厅就要好很多，中餐油烟大不是理由。还有夏威夷有钱的中国人也真不少，也没见有人开间环境等方面好一些的超市，中国人开的破破烂烂的超市都在破破烂烂满街流浪汉的唐人街，而很多人是几乎不会涉足这片区域的。这就是中国人及其事物给外界的一面形象！  去年夏威夷是终于开了一间菜品味道及环境卫生都很好的川菜餐厅：滋味成都。该餐厅虽然面积不大，但是菜品还是比较丰富味道也非常的地道，实属难得。川菜在日本算是属于非常受欢迎的，不过做得都太TM日式，带日本妹纸吃滋味成都，她们都觉得是她们此生吃过的最好吃的Chinese Food。滋味成都在洛杉矶算是非常出名的，生意也非常的好。以前每次去洛杉矶，一下了飞机就直接开车去店门口拍长队(⊙﹏⊙)b，理解吃货的苦衷。所以滋味成都在夏威夷一开，我就几乎没有咋在家里做饭了。每个周都会造访几次，除了自己对麻辣鲜香的需求外，更多的是带客人去改善伙食，O(∩_∩)O~ 以前遇到有的客人对我的要求是：每天玩儿都是其次，每顿要求吃中餐! 以前还确实比较难办，不过现在这个问题已经解决，有的客人在夏威夷旅游几天，几乎每天都会到滋味成都吃饭。有的人可能会说，到国外就应该吃当地的食物，坚决不会吃中餐。其实也是可以理解的，像我这种虽然在国外生活了多年的人，到了像纽约洛杉矶费城等这些大城市，我做的第一件事情肯定也是找中餐厅，特别是川菜。老外的食物除了品种少外，很多东西真是第一口好吃第二口腻第三口就想吐了，对于可以天天顿顿啃面包度日的老外，吃一顿我们觉得特难吃的美式中餐他们都已经觉得够幸福了！所以很多人的心是米国心，胃永远是中国胃！,Best Chinese food in Hawaii！  对于中国人来讲，吃，应该是人生中最重要的事情了！大家见面都喜欢问：吃了吗？与吃相关的词汇更是数不胜数：吃豆腐、吃官司、吃不了兜着走、吃一堑长一智、吃里扒外...不过这些与真正的吃都没啥联系。现在中国大江南北、长城内外，各大菜系的餐厅应该都开得琳琅满目，街边小吃也数不胜数。不过从美食小吃的品种、数量、味道及受欢迎程度上来看，还是以发源于南方的美食小吃占主导，特别是来自巴蜀大地的。八大菜系里也只有鲁菜是发源于北方的。其实这也是有原因的，个人愚见：首先南方的物产肯定是比北方要丰富，其吃北方历史上不是天灾就是人祸的，民众能够填饱肚子都算不错了，哪儿有那么多闲情逸致向南方人那样研究吃的啊。  对于生活在海外的很多中国人来讲，吃，应该也算是最痛苦的事情了。除了洛杉矶那些遍地地道中餐的城市以及啃汉堡面包也能度日的亲。很多中国人到了国外，可能当地的语言没有学好，但是厨艺肯定突飞猛进了。还好我在国内时，厨艺还算过意得去，来夏威夷一切也就艰苦奋斗、自力更生了，唐人街能够买到酱油、醋、豆瓣酱及其它基本的香料和调料 ，除了花椒需要从成都带来夏威夷。之前夏威夷几乎难觅到好吃的中餐，多是菜做得都不咋正宗店面装修得破破烂烂的广东餐厅为主，这些餐厅都喜欢夹杂着卖点儿厨艺还不如我的川菜等其它菜系的菜，就不好好干自己的老本行，你说这东西能做的好吃吗。美国的很多所谓的中餐还是韩国人开的，有的炒菜的厨师还他妈的墨西哥人，而很多日本拉面店啥的都是中国人开的。  上前年的时候，夏威夷才开了一间环境及菜品都还不错的小肥羊火锅店，也终算是有了一间拿得出手可以给中国人长点儿脸的中餐厅了。虽然很多国内来的客人都说小肥羊在中国不好吃也都快开不下去，不过夏威夷的小肥羊生意却异常的好，基本上都需要排队。这是为何？因为现在夏威夷生活的中国人及来旅游的中国人真不少，但是拿得出手的中餐真是寥寥无几。以前都不敢带日本妹子吃Chinese Food，味道都是其吃，多数餐厅的环境太他妈吓人，怕给中国人丢脸。不管在国内还是国外，很多中餐厅给人的感觉就是脏乱破，都不知道经营者是咋想的，就舍不得把环境卫生弄好一点，再看看人家日本人韩国人的餐厅就要好很多，中餐油烟大不是理由。还有夏威夷有钱的中国人也真不少，也没见有人开间环境等方面好一些的超市，中国人开的破破烂烂的超市都在破破烂烂满街流浪汉的唐人街，而很多人是几乎不会涉足这片区域的。这就是中国人及其事物给外界的一面形象！  去年夏威夷是终于开了一间菜品味道及环境卫生都很好的川菜餐厅：滋味成都。该餐厅虽然面积不大，但是菜品还是比较丰富味道也非常的地道，实属难得。川菜在日本算是属于非常受欢迎的，不过做得都太他妈日式，带日本妹子吃滋味成都，她们都觉得是她们此生吃过的最好吃的Chinese Food。滋味成都在洛杉矶算是非常出名的，生意也非常的好。以前每吃去洛杉矶，一下了飞机就直接开车去店门口拍长队(⊙﹏⊙)逼，理解吃货的苦衷。所以滋味成都在夏威夷一开，我就几乎没有咋在家里做饭了。每个周都会造访几吃，除了自己对麻啦鲜香的需求外，更多的是带客人去改善伙食，O(∩_∩)O~ 以前遇到有的客人对我的要求是：每天玩儿都是其吃，每顿要求吃中餐! 以前还确实比较难办，不过现在这个问题已经解决，有的客人在夏威夷旅游几天，几乎每天都会到滋味成都吃饭。有的人可能会说，到国外就应该吃当地的食物，坚决不会吃中餐。其实也是可以理解的，像我这种虽然在国外生活了多年的人，到了像纽约洛杉矶费城等这些大城市，我做的第一件事情肯定也是找中餐厅，特别是川菜。老外的食物除了品种少外，很多东西真是第一口好吃第二口腻第三口就想吐了，对于可以天天顿顿啃面包度日的老外，吃一顿我们觉得特难吃的美式中餐他们都已经觉得够幸福了！所以很多人的心是美国心，胃永远是中国胃！,61,"[""60"", ""98"", ""239"", ""242"", ""305"", ""541"", ""545"", ""547"", ""555"", ""560"", ""565"", ""567"", ""574"", ""575"", ""576"", ""578"", ""588"", ""591"", ""596"", ""605"", ""606"", ""612"", ""614"", ""615"", ""616"", ""621"", ""630"", ""631"", ""639"", ""653"", ""655"", ""665"", ""680"", ""694"", ""711"", ""712"", ""716"", ""718"", ""719"", ""721"", ""722"", ""729"", ""732"", ""737"", ""740"", ""747"", ""756"", ""759"", ""765"", ""774"", ""785"", ""787"", ""794"", ""795"", ""820"", ""821"", ""829"", ""839"", ""841"", ""856"", ""861""]",tm -> 他妈,train
codedlang:60:02,Crowd-AI-Lab/CodedLang,60,tmd,tmd,tmd,tmd,他妈的,他妈的,ta ma de,tˌiːˌɛmdˈiː,tˌiːˌɛmdˈiː,tʰa ma tɤ,tʰa ma tɤ,否,[],official_dictionary_casefold,语音替代,"non_lexical_homophone, phonetic",tmd,ta1 ma1 de,ˈti ˈɛm ti,tʰa˥ ma˥ tɤ,Best Chinese food in Hawaii！  对于中国人来讲，吃，应该是人生中最重要的事情了！大家见面都喜欢问：吃了吗？与吃相关的词汇更是数不胜数：吃豆腐、吃官司、吃不了兜着走、吃一堑长一智、吃里扒外...不过这些与真正的吃都没啥联系。现在中国大江南北、长城内外，各大菜系的餐厅应该都开得琳琅满目，街边小吃也数不胜数。不过从美食小吃的品种、数量、味道及受欢迎程度上来看，还是以发源于南方的美食小吃占主导，特别是来自巴蜀大地的。八大菜系里也只有鲁菜是发源于北方的。其实这也是有原因的，个人愚见：首先南方的物产肯定是比北方要丰富，其次北方历史上不是天灾就是人祸的，民众能够填饱肚子都算不错了，哪儿有那么多闲情逸致向南方人那样研究吃的啊。  对于生活在海外的很多中国人来讲，吃，应该也算是最痛苦的事情了。除了洛杉矶那些遍地地道中餐的城市以及啃汉堡面包也能度日的亲。很多中国人到了国外，可能当地的语言没有学好，但是厨艺肯定突飞猛进了。还好我在国内时，厨艺还算过意得去，来夏威夷一切也就艰苦奋斗、自力更生了，唐人街能够买到酱油、醋、豆瓣酱及其它基本的香料和调料 ，除了花椒需要从成都带来夏威夷。之前夏威夷几乎难觅到好吃的中餐，多是菜做得都不咋正宗店面装修得破破烂烂的广东餐厅为主，这些餐厅都喜欢夹杂着卖点儿厨艺还不如我的川菜等其它菜系的菜，就不好好干自己的老本行，你说这东西能做的好吃吗。美国的很多所谓的中餐还是韩国人开的，有的炒菜的厨师还tmd墨西哥人，而很多日本拉面店啥的都是中国人开的。  上前年的时候，夏威夷才开了一间环境及菜品都还不错的小肥羊火锅店，也终算是有了一间拿得出手可以给中国人长点儿脸的中餐厅了。虽然很多国内来的客人都说小肥羊在中国不好吃也都快开不下去，不过夏威夷的小肥羊生意却异常的好，基本上都需要排队。这是为何？因为现在夏威夷生活的中国人及来旅游的中国人真不少，但是拿得出手的中餐真是寥寥无几。以前都不敢带日本妹纸吃Chinese Food，味道都是其次，多数餐厅的环境太tm吓人，怕给中国人丢脸。不管在国内还是国外，很多中餐厅给人的感觉就是脏乱破，都不知道经营者是咋想的，就舍不得把环境卫生弄好一点，再看看人家日本人韩国人的餐厅就要好很多，中餐油烟大不是理由。还有夏威夷有钱的中国人也真不少，也没见有人开间环境等方面好一些的超市，中国人开的破破烂烂的超市都在破破烂烂满街流浪汉的唐人街，而很多人是几乎不会涉足这片区域的。这就是中国人及其事物给外界的一面形象！  去年夏威夷是终于开了一间菜品味道及环境卫生都很好的川菜餐厅：滋味成都。该餐厅虽然面积不大，但是菜品还是比较丰富味道也非常的地道，实属难得。川菜在日本算是属于非常受欢迎的，不过做得都太TM日式，带日本妹纸吃滋味成都，她们都觉得是她们此生吃过的最好吃的Chinese Food。滋味成都在洛杉矶算是非常出名的，生意也非常的好。以前每次去洛杉矶，一下了飞机就直接开车去店门口拍长队(⊙﹏⊙)b，理解吃货的苦衷。所以滋味成都在夏威夷一开，我就几乎没有咋在家里做饭了。每个周都会造访几次，除了自己对麻辣鲜香的需求外，更多的是带客人去改善伙食，O(∩_∩)O~ 以前遇到有的客人对我的要求是：每天玩儿都是其次，每顿要求吃中餐! 以前还确实比较难办，不过现在这个问题已经解决，有的客人在夏威夷旅游几天，几乎每天都会到滋味成都吃饭。有的人可能会说，到国外就应该吃当地的食物，坚决不会吃中餐。其实也是可以理解的，像我这种虽然在国外生活了多年的人，到了像纽约洛杉矶费城等这些大城市，我做的第一件事情肯定也是找中餐厅，特别是川菜。老外的食物除了品种少外，很多东西真是第一口好吃第二口腻第三口就想吐了，对于可以天天顿顿啃面包度日的老外，吃一顿我们觉得特难吃的美式中餐他们都已经觉得够幸福了！所以很多人的心是米国心，胃永远是中国胃！,Best Chinese food in Hawaii！  对于中国人来讲，吃，应该是人生中最重要的事情了！大家见面都喜欢问：吃了吗？与吃相关的词汇更是数不胜数：吃豆腐、吃官司、吃不了兜着走、吃一堑长一智、吃里扒外...不过这些与真正的吃都没啥联系。现在中国大江南北、长城内外，各大菜系的餐厅应该都开得琳琅满目，街边小吃也数不胜数。不过从美食小吃的品种、数量、味道及受欢迎程度上来看，还是以发源于南方的美食小吃占主导，特别是来自巴蜀大地的。八大菜系里也只有鲁菜是发源于北方的。其实这也是有原因的，个人愚见：首先南方的物产肯定是比北方要丰富，其吃北方历史上不是天灾就是人祸的，民众能够填饱肚子都算不错了，哪儿有那么多闲情逸致向南方人那样研究吃的啊。  对于生活在海外的很多中国人来讲，吃，应该也算是最痛苦的事情了。除了洛杉矶那些遍地地道中餐的城市以及啃汉堡面包也能度日的亲。很多中国人到了国外，可能当地的语言没有学好，但是厨艺肯定突飞猛进了。还好我在国内时，厨艺还算过意得去，来夏威夷一切也就艰苦奋斗、自力更生了，唐人街能够买到酱油、醋、豆瓣酱及其它基本的香料和调料 ，除了花椒需要从成都带来夏威夷。之前夏威夷几乎难觅到好吃的中餐，多是菜做得都不咋正宗店面装修得破破烂烂的广东餐厅为主，这些餐厅都喜欢夹杂着卖点儿厨艺还不如我的川菜等其它菜系的菜，就不好好干自己的老本行，你说这东西能做的好吃吗。美国的很多所谓的中餐还是韩国人开的，有的炒菜的厨师还他妈的墨西哥人，而很多日本拉面店啥的都是中国人开的。  上前年的时候，夏威夷才开了一间环境及菜品都还不错的小肥羊火锅店，也终算是有了一间拿得出手可以给中国人长点儿脸的中餐厅了。虽然很多国内来的客人都说小肥羊在中国不好吃也都快开不下去，不过夏威夷的小肥羊生意却异常的好，基本上都需要排队。这是为何？因为现在夏威夷生活的中国人及来旅游的中国人真不少，但是拿得出手的中餐真是寥寥无几。以前都不敢带日本妹子吃Chinese Food，味道都是其吃，多数餐厅的环境太他妈吓人，怕给中国人丢脸。不管在国内还是国外，很多中餐厅给人的感觉就是脏乱破，都不知道经营者是咋想的，就舍不得把环境卫生弄好一点，再看看人家日本人韩国人的餐厅就要好很多，中餐油烟大不是理由。还有夏威夷有钱的中国人也真不少，也没见有人开间环境等方面好一些的超市，中国人开的破破烂烂的超市都在破破烂烂满街流浪汉的唐人街，而很多人是几乎不会涉足这片区域的。这就是中国人及其事物给外界的一面形象！  去年夏威夷是终于开了一间菜品味道及环境卫生都很好的川菜餐厅：滋味成都。该餐厅虽然面积不大，但是菜品还是比较丰富味道也非常的地道，实属难得。川菜在日本算是属于非常受欢迎的，不过做得都太他妈日式，带日本妹子吃滋味成都，她们都觉得是她们此生吃过的最好吃的Chinese Food。滋味成都在洛杉矶算是非常出名的，生意也非常的好。以前每吃去洛杉矶，一下了飞机就直接开车去店门口拍长队(⊙﹏⊙)逼，理解吃货的苦衷。所以滋味成都在夏威夷一开，我就几乎没有咋在家里做饭了。每个周都会造访几吃，除了自己对麻啦鲜香的需求外，更多的是带客人去改善伙食，O(∩_∩)O~ 以前遇到有的客人对我的要求是：每天玩儿都是其吃，每顿要求吃中餐! 以前还确实比较难办，不过现在这个问题已经解决，有的客人在夏威夷旅游几天，几乎每天都会到滋味成都吃饭。有的人可能会说，到国外就应该吃当地的食物，坚决不会吃中餐。其实也是可以理解的，像我这种虽然在国外生活了多年的人，到了像纽约洛杉矶费城等这些大城市，我做的第一件事情肯定也是找中餐厅，特别是川菜。老外的食物除了品种少外，很多东西真是第一口好吃第二口腻第三口就想吐了，对于可以天天顿顿啃面包度日的老外，吃一顿我们觉得特难吃的美式中餐他们都已经觉得够幸福了！所以很多人的心是美国心，胃永远是中国胃！,10,"[""60"", ""591"", ""611"", ""619"", ""626"", ""627"", ""720"", ""750"", ""817"", ""852""]",tmd -> 他妈的,train
codedlang:45:01,Crowd-AI-Lab/CodedLang,45,桑心,桑心,桑心,sang xin,伤心,伤心,shang xin,sɑŋ ɕin,sɑŋ ɕin,ʂɑŋ ɕin,ʂɑŋ ɕin,否,[],official_dictionary_casefold,非词汇同音词,non_lexical_homophone,sang1 xin1,shang1 xin1,sa˥ŋ ɕi˥n,ʂa˥ŋ ɕi˥n,牛肉超级嫩 很好吃 就是有点太大块了 生鱼片很实惠16pc才24刀！！ 拉面汤底和溏心蛋很棒！！但是面条煮的太软了… 希望下回面条不会这么软！ cheesecake 没货了 桑心😭 一定！！还会再来！！,牛肉超级嫩 很好吃 就是有点太大块了 生鱼片很实惠1厉害pc才24刀！！ 拉面汤底和溏心蛋很棒！！但是面条煮的太软了… 希望下回面条不会这么软！ cheesecake 没货了 伤心😭 一定！！还会再来！！,2,"[""45"", ""136""]",桑心 -> 伤心,train
codedlang:396:02,Crowd-AI-Lab/CodedLang,396,你牠妈,你牠妈,你牠妈,ni ta ma,你他妈,你他妈,ni ta ma,ni tʰa ma,ni tʰa ma,ni tʰa ma,ni tʰa ma,否,[],official_dictionary_casefold,非词汇同音词,"non_lexical_homophone, orthographic, phonetic",ni3 ta1 ma1,ni3 ta1 ma1,ni˧˩˧ tʰa˥ ma˥,ni˧˩˧ tʰa˥ ma˥,艹尼玛币的垃圾公司，赶紧倒闭吧，好不容易网上卖东西，结果客人退货，退货就算了，你牠妈的还收了那么多的手续费，老子没挣一分钱你TMD还收手续费！做梦去吧，操你妈逼的，还让讨债公司来收费，你他妈的真贱啊。去死吧老子一毛都不会给的！,草你妈逼的垃圾公司，赶紧倒闭吧，好不容易网上卖东西，结果客人退货，退货就算了，你他妈的还收了那么多的手续费，老子没挣一分钱你他妈的还收手续费！做梦去吧，操你妈逼的，还让讨债公司来收费，你他妈的真贱啊。去死吧老子一毛都不会给的！,1,"[""396""]",你牠妈 -> 你他妈,train
codedlang:50:01,Crowd-AI-Lab/CodedLang,50,尼玛,尼玛,尼玛,ni ma,你妈,你妈,ni ma,ni ma,ni ma,ni ma,ni ma,否,[],official_dictionary_casefold,非词汇同音词,non_lexical_homophone,ni2 ma3,ni3 ma1,ni˧˥ ma˧˩˧,ni˧˩˧ ma˥,我在这里住了四天。遇到了很多奇怪的事。比如厕所里面莫名其妙的出现一股臭味，迷漫着整个洗手间；做过卫生的房间里没有添一次性的水杯和装冰的塑料袋；被子上有一些长长的头发没有清理掉；最可恶的是第一天因为没有零钱，而且也是赶着出门没有放小费，结果晚上回来的时候微波炉就“坏”了！检查了一下才发现是微波炉的插座叫人给拔了。去询问前台，大堂经理把责任推给客房服务部，还说是因为要给微波炉加垫子保护家具所以拔了插座然后可能忘记插了。我其实是愿意相信大堂经理的，因为她的态度很好。但是，让我没法忍受的是出门的时候刚巧遇上客服服务人员在做卫生。那个推着大车的服务员看到我就一直盯着，在我经过她身边的时候忽然问我“你是不是XXX房间的？”我说是，她就问我“今天房间要不要清理？如果不要就在这里签字。”我还没说话，一张什么纸就伸到了我面前让我签。尼玛！我一看这不对啊！住过这么多次这家公司的宾馆也没遇到过这种“特别”照顾的呀！我说“不用，我房门上挂了牌子”没签，我转身走了。这些都是我的亲身经历。如果你不想因为这些琐事影响你的旅途，你知道该怎么做。对了。这家店大堂有个旅游介绍的窗口，那里有时候会给你一个很好的折扣，比如你要去迪士尼，环球影城，水上乐园，海洋世界。OK给你一个优惠！这个优惠就是你回去怎么算都觉得优惠的优惠！但是，重点来了。你的夫妻收入要达到7W以上。为什么呢？因为这个优惠不是白给你的，你要去参加一个小的“导购团”：）当然她不会告诉你是导购。她会告诉你是一个介绍的团，目的是让你喜欢这里，让你再来！好想不错是吧。告诉你：是导购卖度假村房子使用权的。大概价格是40W+1500/year的终身会员。在此基础上你一年可以在他们集团的度假村酒店住2周。是不是很好。但是注意，这里是没有时间限制的，你要不买就说不买，你不说就别想走。我耽误了3个小时。好了就是各种不好。你要是还想住那是你的事了。,我在这里住了四天。遇到了很多奇怪的事。比如厕所里面莫名其妙的出现一股臭味，迷漫着整个洗手间；做过卫生的房间里没有添一吃性的水杯和装冰的塑料袋；被子上有一些长长的头发没有清理掉；最可恶的是第一天因为没有零钱，而且也是赶着出门没有放小费，结果晚上回来的时候微波炉就“坏”了！检查了一下才发现是微波炉的插座叫人给拔了。去询问前台，大堂经理把责任推给客房服务部，还说是因为要给微波炉加垫子保护家具所以拔了插座然后可能忘记插了。我其实是愿意相信大堂经理的，因为她的态度很好。但是，让我没法忍受的是出门的时候刚巧遇上客服服务人员在做卫生。那个推着大车的服务员看到我就一直盯着，在我经过她身边的时候忽然问我“你是不是叉叉叉房间的？”我说是，她就问我“今天房间要不要清理？如果不要就在这里签字。”我还没说话，一张什么纸就伸到了我面前让我签。你妈！我一看这不对啊！住过这么多吃这家公司的宾馆也没遇到过这种“特别”照顾的呀！我说“不用，我房门上挂了牌子”没签，我转身走了。这些都是我的亲身经历。如果你不想因为这些琐事影响你的旅途，你知道该怎么做。对了。这家店大堂有个旅游介绍的窗口，那里有时候会给你一个很好的折扣，比如你要去迪士尼，环球影城，水上乐园，海洋世界。OK给你一个优惠！这个优惠就是你回去怎么算都觉得优惠的优惠！但是，重点来了。你的夫妻收入要达到7W以上。为什么呢？因为这个优惠不是白给你的，你要去参加一个小的“导购团”：）当然她不会告诉你是导购。她会告诉你是一个介绍的团，目的是让你喜欢这里，让你再来！好想不错是吧。告诉你：是导购卖度假村房子使用权的。大概价格是40W+1500/year的终身会员。在此基础上你一年可以在他们集团的度假村酒店住2周。是不是很好。但是注意，这里是没有时间限制的，你要不买就说不买，你不说就别想走。我耽误了3个小时。好了就是各种不好。你要是还想住那是你的事了。,43,"[""50"", ""54"", ""57"", ""69"", ""95"", ""107"", ""110"", ""116"", ""121"", ""123"", ""127"", ""134"", ""139"", ""144"", ""157"", ""174"", ""178"", ""188"", ""193"", ""202"", ""205"", ""210"", ""216"", ""218"", ""239"", ""242"", ""249"", ""271"", ""297"", ""298"", ""317"", ""318"", ""337"", ""354"", ""382"", ""408"", ""433"", ""447"", ""455"", ""457"", ""494"", ""495"", ""503""]",尼玛 -> 你妈,train
codedlang:472:02,Crowd-AI-Lab/CodedLang,472,nmsl,nmsl,nmsl,nmsl,你妈死了,你妈死了,ni ma si le,ˌɛnˌɛmˌɛsˈɛl,ˌɛnˌɛmˌɛsˈɛl,ni ma sɹ̩ lɤ,ni ma sɹ̩ lɤ,否,[],official_dictionary_casefold,语音替代,"non_lexical_homophone, phonetic",nmsl,ni3 ma1 si3 le,ˈɛm ˈɛm ˈɛs ˈɛɫ,ni˧˩˧ ma˥ sɹ̩˧˩˧ lɤ,垃圾东西，叫我晚上8点去拿，特么6:30结束，nmsl,垃圾东西，叫我晚上不点去拿，他妈厉害:30结束，你妈死了,3,"[""472"", ""516"", ""779""]",nmsl -> 你妈死了,train
codedlang:396:03,Crowd-AI-Lab/CodedLang,396,尼玛币,尼玛币,尼玛币,ni ma bi,你妈逼,你妈逼,ni ma bi,ni ma pi,ni ma pi,ni ma pi,ni ma pi,否,[],official_dictionary_casefold,非词汇同音词,"non_lexical_homophone, orthographic, phonetic",ni2 ma3 bi4,ni3 ma1 bi1,ni˧˥ ma˧˩˧ pi˥˩,ni˧˩˧ ma˥ pi˥,艹尼玛币的垃圾公司，赶紧倒闭吧，好不容易网上卖东西，结果客人退货，退货就算了，你牠妈的还收了那么多的手续费，老子没挣一分钱你TMD还收手续费！做梦去吧，操你妈逼的，还让讨债公司来收费，你他妈的真贱啊。去死吧老子一毛都不会给的！,草你妈逼的垃圾公司，赶紧倒闭吧，好不容易网上卖东西，结果客人退货，退货就算了，你他妈的还收了那么多的手续费，老子没挣一分钱你他妈的还收手续费！做梦去吧，操你妈逼的，还让讨债公司来收费，你他妈的真贱啊。去死吧老子一毛都不会给的！,3,"[""396"", ""433"", ""483""]",尼玛币 -> 你妈逼,train
codedlang:227:01,Crowd-AI-Lab/CodedLang,227,沙雕,沙雕,沙雕,sha diao,傻屌,傻屌,sha diao,ʂa tiɑʊ,ʂa tiɑʊ,ʂa tiɑʊ,ʂa tiɑʊ,否,[],official_dictionary_casefold,歧义同音词,ambiguous_homophone,sha1 diao1,sha3 diao3,ʂa˥ tjau̯˥,ʂa˧˩˧ tjau̯˧˩˧,垃圾饭店，沙雕店长，态度极其恶劣！没火之前还好，火了以后把自己当什么了，极度不推荐！我还是没火之前就一直光顾的，现在火了真的是膨胀了！不改态度就不删评论！！！（尤其是那个戴眼镜的大妈）,垃圾饭店，傻屌店长，态度极其恶劣！没火之前还好，火了以后把自己当什么了，极度不推荐！我还是没火之前就一直光顾的，现在火了真的是膨胀了！不改态度就不删评论！！！（尤其是那个戴眼镜的大妈）,3,"[""227"", ""326"", ""374""]",沙雕 -> 傻屌,train
codedlang:129:02,Crowd-AI-Lab/CodedLang,129,煞笔,煞笔,煞笔,sha bi,傻逼,傻逼,sha bi,ʂa pi,ʂa pi,ʂa pi,ʂa pi,否,[],official_dictionary_casefold,非词汇同音词,ambiguous_homophone,sha1 bi3,sha3 bi1,ʂa˥ pi˧˩˧,ʂa˧˩˧ pi˥,本来想去医院拔智齿，给我来一顿操作，量了个血压，带上手套摸了一下我智齿，收费我250刀。真是草泥马了。煞笔美国医疗。傻煞笔医院。,本来想去医院拔智齿，给我来一顿操作，量了个血压，带上手套摸了一下我智齿，收费我250刀。真是操你妈了。傻逼美国医疗。傻傻逼医院。,1,"[""129""]",煞笔 -> 傻逼,train
codedlang:297:03,Crowd-AI-Lab/CodedLang,297,sb,sb,sb,sb,傻逼,傻逼,sha bi,ˌɛsbˈiː,ˌɛsbˈiː,ʂa pi,ʂa pi,否,[],official_dictionary_casefold,语音替代,"non_lexical_homophone, phonetic",sb,sha3 bi1,ˈɛs pi˥,ʂa˧˩˧ pi˥,千万别来价格跟Gen BBQ差不多但种类少，服务差的不是一星半点，餐馆是中不中韩不韩美不美，加上给sb的小费，差不多就去姜虎东烤肉了虽然服务也一般但最起码按时换烤盘帮忙烤肉，这尼玛的什么都不管还jb有脸收小费。评论还有人说种类多，多NIMALEGEBI的没吃够烤肉是吧，这叫种类多，眼瞎啊。,千万别来价格跟Gen BBQ差不多但种类少，服务差的不是一星半点，餐馆是中不中韩不韩美不美，加上给傻逼的小费，差不多就去姜虎东烤肉了虽然服务也一般但最起码按时换烤盘帮忙烤肉，这你妈的什么都不管还鸡巴有脸收小费。评论还有人说种类多，多NIMALEGEBI的没吃够烤肉是吧，这叫种类多，眼瞎啊。,15,"[""297"", ""574"", ""580"", ""598"", ""608"", ""614"", ""687"", ""693"", ""695"", ""778"", ""779"", ""791"", ""792"", ""834"", ""835""]",sb -> 傻逼,train
codedlang:516:03,Crowd-AI-Lab/CodedLang,516,sbdx,sbdx,sbdx,sbdx,傻逼东西,傻逼东西,sha bi dong xi,ˌɛsbˌiːdˌiːˈɛks,ˌɛsbˌiːdˌiːˈɛks,ʂa pi tʊŋ ɕi,ʂa pi tʊŋ ɕi,否,[],official_dictionary_casefold,语音替代,"non_lexical_homophone, phonetic",sbdx,sha3 bi1 dong1 xi1,ˈɛs pi˥ ti ˈɛks ,ʂa˧˩˧ pi˥ tʊ˥ŋ ɕi˥,各位可能不信 我更新资料 排号排了4次这个资料不对那个资料不对 办事效率极低 真的 能不能给零分 一个星给出去都觉得恶心自己 在中国你们可能早被骂了 真的好想喷 太气人了 nmsl 灭霸打个响指 dmv先s 负分滚粗  像是艾利穿的品如衣一群sbdx 一群老年痴呆低能儿,各位可能不信 我更新资料 排号排了4吃这个资料不对那个资料不对 办事效率极低 真的 能不能给零分 一个星给出去都觉得恶心自己 在中国你们可能早被骂了 真的好想喷 太气人了 你妈死了 灭霸打个响指 dmv先s 负分滚出  像是艾利穿的品如衣一群傻逼东西 一群老年痴呆低能儿,1,"[""516""]",sbdx -> 傻逼东西,train
codedlang:498:01,Crowd-AI-Lab/CodedLang,498,兄弟萌,兄弟萌,兄弟萌,xiong di meng,兄弟们,兄弟们,xiong di men,ɕiʊŋ ti mɤŋ,ɕiʊŋ ti mɤŋ,ɕiʊŋ ti mən,ɕiʊŋ ti mən,否,[],official_dictionary_casefold,非词汇同音词,"emoji, non_lexical_homophone",xiong1 di4 meng2,xiong1 di4 men,ɕjʊ˥ŋ ti˥˩ mə˧˥ŋ,ɕjʊ˥ŋ ti˥˩ mən,"设施齐全，五星就vans了兄弟萌  改成④⭐是因为每次上游泳课都能把👴🏻冻成铁🍔🍔  突然想起👴🏻下学期还选了游泳 II，可能👴🏻本来就是个铁🍔🍔  Turn the pool water temperature up, I beg you","设施齐全，五星就vans了兄弟们  改成④⭐是因为每吃上游泳课都能把爷冻成铁憨憨  突然想起爷下学期还选了游泳 II，可能爷本来就是个铁憨憨  Turn the pool water temperature up, I 逼eg you",1,"[""498""]",兄弟萌 -> 兄弟们,train
codedlang:690:03,Crowd-AI-Lab/CodedLang,690,恭平,恭平,恭平,gong ping,公平,公平,gong ping,kʊŋ pʰiŋ,kʊŋ pʰiŋ,kʊŋ pʰiŋ,kʊŋ pʰiŋ,否,[],official_dictionary_casefold,非词汇同音词,"non_lexical_homophone, phonetic",gong1 ping2,gong1 ping2,kʊ˥ŋ pʰi˧˥ŋ,kʊ˥ŋ pʰi˧˥ŋ,"紅鷹睹場不好是要D人打機打4OO分先送二十元D人打機,好次我有一次打了4OO分比紅鷹,睹場有比二十元我打機,之後我沒有去一星期,紅鷹就没有比二十元我打機,我輸了很多錢在紅鷹,真不恭平。","紅鷹賭場不好是要啲人打機打4OO分先送二十元啲人打機,好吃我有一吃打了4OO分比紅鷹,賭場有比二十元我打機,之後我沒有去一星期,紅鷹就没有比二十元我打機,我輸了很多錢在紅鷹,真不公平。",1,"[""690""]",恭平 -> 公平,train
codedlang:328:01,Crowd-AI-Lab/CodedLang,328,内牛满面,内牛满面,内牛满面,nei niu man mian,内流满面,内流满面,nei liu man mian,nei niou man miɛn,nei niou man miɛn,nei liou man miɛn,nei liou man miɛn,否,[],official_dictionary_casefold,非词汇同音词,non_lexical_homophone,nei4 niu2 man3 mian4,nei4 liu2 man3 mian4,nei̯˥˩ njou̯˧˥ ma˧˩˧n mjɛ˥˩n,nei̯˥˩ ljou̯˧˥ ma˧˩˧n mjɛ˥˩n,在美国生活了快10年终于吃到正宗的羊肉烩面……内牛满面,在美国生活了快10年终于吃到正宗的羊肉烩面……内流满面,1,"[""328""]",内牛满面 -> 内流满面,train
codedlang:485:01,Crowd-AI-Lab/CodedLang,485,冲鸭,冲鸭,冲鸭,chong ya,冲呀,冲呀,chong ya,ʈʂʰʊŋ ia,ʈʂʰʊŋ ia,ʈʂʰʊŋ ia,ʈʂʰʊŋ ia,否,[],official_dictionary_casefold,非词汇同音词,ambiguous_homophone,chong1 ya1,chong1 ya,ʈʂʰʊ˥ŋ ja˥,ʈʂʰʊ˥ŋ ja,这或许是第一篇中文评论哈哈哈 里面的人超好！漂亮的姐姐和温暖的叔叔！ J-1小伙伴们冲鸭！,这或许是第一篇中文评论哈哈哈 里面的人超好！漂亮的姐姐和温暖的叔叔！ J-1小伙伴们冲呀！,1,"[""485""]",冲鸭 -> 冲呀,train
codedlang:490:01,Crowd-AI-Lab/CodedLang,490,腻害,腻害,腻害,ni hai,厉害,厉害,li hai,ni xai,ni xai,li xai,li xai,否,[],official_dictionary_casefold,非词汇同音词,non_lexical_homophone,ni4 hai4,li4 hai4,ni˥˩ xai̯˥˩,li˥˩ xai̯˥˩,第二次来了   美味   牛肉 龙虾  干呗 生蚝 好腻害٩(๑ᵒ̴̶̷͈᷄ᗨᵒ̴̶̷͈᷅)و,第二吃来了   美味   牛肉 龙虾  干呗 生蚝 好厉害٩(๑ᵒ̴̶̷͈᷄ᗨᵒ̴̶̷͈᷅)و,1,"[""490""]",腻害 -> 厉害,train
codedlang:556:01,Crowd-AI-Lab/CodedLang,556,qtmd,qtmd,qtmd,qtmd,去他妈的,去他妈的,qu ta ma de,kjˌuːtˌiːˌɛmdˈiː,kjˌuːtˌiːˌɛmdˈiː,tɕʰy tʰa ma tɤ,tɕʰy tʰa ma tɤ,否,[],official_dictionary_casefold,语音替代,phonetic,qtmd,qu4 ta1 ma1 de,ˈkju ˈti ˈɛm ti,tɕʰy˥˩ tʰa˥ ma˥ tɤ,原料不行，厨艺更烂，厨师夸口菜还可以；价格奇高，小费强制，美国景区也有黑店。奉劝老板快改行，你这不是在开饭店，是在丢脸！吃的很不愉快，最后小费一分没给，qtmd！,原料不行，厨艺更烂，厨师夸口菜还可以；价格奇高，小费强制，美国景区也有黑店。奉劝老板快改行，你这不是在开饭店，是在丢脸！吃的很不愉快，最后小费一分没给，去他妈的！,1,"[""556""]",qtmd -> 去他妈的,train
codedlang:606:03,Crowd-AI-Lab/CodedLang,606,反suan水,反suan水,反suan水,fan suan shui,反酸水,反酸水,fan suan shui,fan suan ʂuei,fan suan ʂuei,fan suan ʂuei,fan suan ʂuei,否,[],official_dictionary_casefold,语音替代,phonetic,fan3 suan shui3,fan3 suan1 shui3,fa˧˩˧n swan ʂwei̯˧˩˧,fa˧˩˧n swa˥n ʂwei̯˧˩˧,别被广告骗了，皮厚到没朋友，厚就算了还不劲道 全tm漏了，里面还不刷酱，果子也不脆，你直接去超市买墨西哥玉米饼卷卷都比这强，这水平不如国内学校门口5块rmb煎饼果子水平高，吃完了到现在想想我还反suan水。,别被广告骗了，皮厚到没朋友，厚就算了还不劲道 全他妈漏了，里面还不刷酱，果子也不脆，你直接去超市买墨西哥玉米饼卷卷都比这强，这水平不如国内学校门口5块人民币煎饼果子水平高，吃完了到现在想想我还反酸水。,1,"[""606""]",反suan水 -> 反酸水,train
codedlang:87:01,Crowd-AI-Lab/CodedLang,87,阔以,阔以,阔以,kuo yi,可以,可以,ke yi,kʰuɔ i,kʰuɔ i,kʰɤ i,kʰɤ i,否,[],official_dictionary_casefold,非词汇同音词,non_lexical_homophone,kuo4 yi3,ke3 yi3,kʰwo˥˩ i˧˩˧,kʰɤ˧˩˧ i˧˩˧,感觉生活又阔以了...在nj也能吃鲜芋仙了！,感觉生活又可以了...在nj也能吃鲜芋仙了！,9,"[""87"", ""224"", ""235"", ""274"", ""287"", ""356"", ""450"", ""508"", ""520""]",阔以 -> 可以,train
codedlang:375:01,Crowd-AI-Lab/CodedLang,375,阔爱,阔爱,阔爱,kuo ai,可爱,可爱,ke ai,kʰuɔ ai,kʰuɔ ai,kʰɤ ai,kʰɤ ai,否,[],official_dictionary_casefold,非词汇同音词,non_lexical_homophone,kuo4 ai4,ke3 ai4,kʰwo˥˩ ai̯˥˩,kʰɤ˧˩˧ ai̯˥˩,我喜欢海底捞的Karry跟阔爱的大恐龙，这边在疫情期间做的卫生和疫情防控真的好好，即便是在疫情节日期间，大家服务都好好，下次还来！！！比心❤️,我喜欢海底捞的Karry跟可爱的大恐龙，这边在疫情期间做的卫生和疫情防控真的好好，即便是在疫情节日期间，大家服务都好好，下吃还来！！！比心❤️,1,"[""375""]",阔爱 -> 可爱,train
codedlang:899:01,Crowd-AI-Lab/CodedLang,899,呆丸狼,呆丸狼,呆丸狼,dai wan lang,台湾人,台湾人,tai wan ren,tai uan lɑŋ,tai uan lɑŋ,tʰai uan ɻən,tʰai uan ɻən,否,[],official_dictionary_casefold,非词汇同音词,non_lexical_homophone,dai1 wan2 lang2,tai2 wan1 ren2,tai̯˥ wa˧˥n la˧˥ŋ,tʰai̯˧˥ wa˥n ɻə˧˥n,呆丸狼的蛋糕店，一边赚中国人的钱一边支持台独，呆丸狼咋那么没骨气呢，绿蛆党已经全面执政，把国旗换掉嘛！全部撤回在中国大陆的生意，所有东西不要销往大陆，中国人的钱脏就不要去赚呀。有这样的底气和魄力吗？“畏威尔不怀徳”李敖对呆丸狼的评价极度精准，呆丸狼始终短视且混淆，大陆是共党在统治不假，可13亿人绝大部分并不是共党，但13亿人没有人觉得台湾那块土地不是中国的，今天的抵制是共党能组织的吗？是十三亿人对呆丸狼的好感丧失殆尽，要不是共党虚假的选宣传你们是大陆人的同胞，是亲人，骗了大陆人这么久，今天他们渐渐发觉农夫与蛇才是两岸真实的关系,台湾人的蛋糕店，一边赚中国人的钱一边支持台独，台湾狼咋那么没骨气呢，绿蛆党已经全面执政，把国旗换掉嘛！全部撤回在中国大陆的生意，所有东西不要销往大陆，中国人的钱脏就不要去赚呀。有这样的底气和魄力吗？“畏威尔不怀徳”李敖对台湾狼的评价极度精准，台湾狼始终短视且混淆，大陆是共党在统治不假，可13亿人绝大部分并不是共党，但13亿人没有人觉得台湾那块土地不是中国的，今天的抵制是共党能组织的吗？是十三亿人对台湾狼的好感丧失殆尽，要不是共党虚假的选宣传你们是大陆人的同胞，是亲人，骗了大陆人这么久，今天他们渐渐发觉农夫与蛇才是两岸真实的关系,1,"[""899""]",呆丸狼 -> 台湾人,train
codedlang:41:01,Crowd-AI-Lab/CodedLang,41,ㄔ,ㄔ,ㄔ,ㄔ,吃,吃,chi,,,ʈʂʰɻ̩,ʈʂʰɻ̩,是,"[{""type"": ""source_unresolved_symbol_or_digit""}]",official_dictionary_casefold,语音替代,phonetic,ch,chi1,tʂʰ,ʈʂʰɻ̩˥,好ㄔ,好吃,9,"[""41"", ""166"", ""177"", ""265"", ""304"", ""329"", ""426"", ""535"", ""536""]",ㄔ -> 吃,train
codedlang:746:01,Crowd-AI-Lab/CodedLang,746,吃shi,吃shi,吃shi,chi shi,吃屎,吃屎,chi shi,ʈʂʰɻ̩ ʂɻ̩,ʈʂʰɻ̩ ʂɻ̩,ʈʂʰɻ̩ ʂɻ̩,ʈʂʰɻ̩ ʂɻ̩,否,[],official_dictionary_casefold,语音替代,phonetic,chi1 shi,chi1 shi3,ʈʂʰɻ̩˥ ʂɻ̩,ʈʂʰɻ̩˥ ʂɻ̩˧˩˧,所有的外卖都好像只是用微波炉加热了！那奶茶全是粉！感觉在吃shi！,所有的外卖都好像只是用微波炉加热了！那奶茶全是粉！感觉在吃屎！,1,"[""746""]",吃shi -> 吃屎,train
codedlang:125:01,Crowd-AI-Lab/CodedLang,125,童鞋,童鞋,童鞋,tong xie,同学,同学,tong xue,tʰʊŋ ɕiɛ,tʰʊŋ ɕiɛ,tʰʊŋ ɕyɛ,tʰʊŋ ɕyɛ,否,[],official_dictionary_casefold,歧义同音词,ambiguous_homophone,tong2 xie2,tong2 xue2,tʰʊ˧˥ŋ ɕje˧˥,tʰʊ˧˥ŋ ɕɥe˧˥,强制收15%消费. 不够15%还舔着脸硬要. 本来还一直来这家的，以后不来了。 想来的童鞋们，先准备好至少15%的小费吧。,强制收15%消费. 不够15%还舔着脸硬要. 本来还一直来这家的，以后不来了。 想来的同学们，先准备好至少15%的小费吧。,6,"[""125"", ""220"", ""256"", ""418"", ""423"", ""505""]",童鞋 -> 同学,train
codedlang:878:03,Crowd-AI-Lab/CodedLang,878,吴xiu波,吴xiu波,吴xiu波,wu xiu bo,吴秀波,吴秀波,wu xiu bo,u ɕiou puɔ,u ɕiou puɔ,u ɕiou puɔ,u ɕiou puɔ,否,[],official_dictionary_casefold,语音替代,"non_lexical_homophone, phonetic",wu2 xiu bo1,wu2 xiu4 bo1,u˧˥ ɕjou̯ pwo˥,u˧˥ ɕjou̯˥˩ pwo˥,5星推荐-不要被中文译名迷糊了，这儿对于国人就是一处万国园。 有植物园，收藏园，各国特色建筑园，综合类园。 推荐仙人掌园，直走左侧。 推荐中国园和日本园，还有儿童迷你乐园。 图书馆可以不进。 收藏馆可以不进。 用逛植物园和猎奇的心态去逛。 穿双好鞋，因为会走很久。 停车场免费，但小心车里不要留钱财衣物，还是有贼人来砸车窗的。 整个园林很大，但其实更有名气的是园林所在的城市，在落膻鸡有二nei村之美称。号称吴xiu波等大陆戏子均在此有宅子。 不多说了，有钱人的世界你们最懂。,5星推荐-不要被中文译名迷糊了，这儿对于国人就是一处万国园。 有植物园，收藏园，各国特色建筑园，综合类园。 推荐仙人掌园，直走左侧。 推荐中国园和日本园，还有儿童迷你乐园。 图书馆可以不进。 收藏馆可以不进。 用逛植物园和猎奇的心态去逛。 穿双好鞋，因为会走很久。 停车场免费，但小心车里不要留钱财衣物，还是有贼人来砸车窗的。 整个园林很大，但其实更有名气的是园林所在的城市，在洛杉矶有二奶村之美称。号称吴秀波等大陆戏子均在此有宅子。 不多说了，有钱人的世界你们最懂。,1,"[""878""]",吴xiu波 -> 吴秀波,train
codedlang:284:01,Crowd-AI-Lab/CodedLang,284,e度,e度,e度,e du,呢度,呢度,ne du,ɤ tu,ɤ tu,nɤ tu,nɤ tu,否,[],official_dictionary_casefold,语音替代,"emoji, phonetic",e du4,ne du4,ɤ tu˥˩,nɤ tu˥˩,又嚟啦～😊 e度嘅中餐馆多数都会有🆓饭后甜品或者水果嘅，但基本上都喺得①款，而好似e间咁🆓②③款嘅就比较少见～（上次🆓多咗款芒果布丁🍮话畀小朋友嘅）,又嚟啦～😊 呢度嘅中餐馆多数都会有🆓饭后甜品或者水果嘅，但基本上都喺得一款，而好似呢间咁🆓②③款嘅就比较少见～（上吃🆓多咗款芒果布丁🍮话畀小朋友嘅）,3,"[""284"", ""292"", ""533""]",e度 -> 呢度,train
codedlang:244:01,Crowd-AI-Lab/CodedLang,244,e间,e间,e间,e jian,呢间,呢间,ne jian,ɤ tɕiɛn,ɤ tɕiɛn,nɤ tɕiɛn,nɤ tɕiɛn,否,[],official_dictionary_casefold,语音替代,phonetic,e jian1,ne jian1,ɤ tɕjɛ˥n,nɤ tɕjɛ˥n,e间嘢ok啵～😊 我哋今日食B餐～🤗 老板娘知道我哋第①次嚟，甜品仲“①变③”～😂,呢间嘢ok啵～😊 我哋今日食B餐～🤗 老板娘知道我哋第一吃嚟，甜品仲“一变③”～😂,2,"[""244"", ""284""]",e间 -> 呢间,train
codedlang:879:01,Crowd-AI-Lab/CodedLang,879,咖灰,咖灰,咖灰,ka hui,咖啡,咖啡,ka fei,kʰa xuei,kʰa xuei,kʰa fei,kʰa fei,否,[],official_dictionary_casefold,非词汇同音词,"ambiguous_homophone, non_lexical_homophone",ka1 hui1,ka1 fei1,kʰa˥ xwei̯˥,kʰa˥ fei̯˥,[厲害了！這個巢。]  喝咖灰好潮，喝的俺都濕了。  在藍瓶咖啡被矽谷文青熱情愛戴的時刻，藍瓶創辦人說了他的藍色野望：要做精品咖啡裡面的星巴克，其中的意義呢大家可能沒有仔細思考，容我翻譯翻譯，星巴克毫無疑問的是跨國連鎖品牌系統的強者，從視覺環境到產品的品質有高度的標準化，這個時候星巴克是連鎖食品公司；在全球展店以後用點數卡吸金轉投資提高企業獲利，這個時期星巴克是財務金融公司；建立鋪天蓋地的綠色海妖形象以後，衍生海量的紀念品產線與投資各種老屋咖啡特殊店，這個時期星巴克是藝術文創公司；眼下現值頂天，把公司賣給了雀巢這樣的超級規模商品供應商，這個時候星巴克是個獲利了結的創投公司。  回頭看看藍瓶咖啡的創業野望，跟提早一步被雀巢收購，藍瓶咖啡以小搏大，快速掠取投資者目光，獲利了結出場，實在是超越並且大勝星巴克，聽到這裡有沒有很納悶？這一切的一切，不管是全球連鎖龍頭或者文青熱愛的打卡直播聖地，最後都買給了惡名昭彰記錄欠佳的國際食品巨擘，事實是沒人在乎你在乎的咖啡，網美在乎直播收了多少禮物，網紅盯著手機看看自己的粉絲頁日報表，咖啡只是一種期貨，讓企業玩來玩去的那種。 藍瓶從來都是地地道道的生意人，他們清楚的知道店面的美觀遠比咖啡的美味重要，網美網紅就算沒把咖啡喝完也會拿著LOGO打卡，所以他們根本不是精品咖啡裡面的星巴克，他們是文青咖啡店裡面的獅子會跟扶輪社，懂？沒關係，人生很難，生意很簡單，有人買單就是生意，有企業能夠整碗端走94狂，能夠獲利了結安全下莊的人才能笑著離開，下次還有人說他要做什麼什麼產業的什麼什麼代表，也許人家在乎的不是你在乎的事，請不要入戲太深，喝杯咖啡而已，數數鈔票罷了。  要做藝術節的鼎泰豐有沒有戲呢？還是做設計界的costco有局嗎？還是做文創界的金正恩呢？人生好難，做決定最難。  文青以後改稱巢青好了，又文又潮，雙效合一。  #Bluebottle #Starbucks #hipster #coffee #enterprises #cooperation #Theycareshits #theydontcareaboutyou #數鈔票 #滑動態 #扶輪社 #獅子會 #連鎖超商 #聯合壟斷 #裁判跟球員都是我的人 #星巴克 #藍瓶咖啡 #雀巢食品 #名譽超差 #聞氫哥哥誰理你 #文青 #網美 #網紅 #網肥 #巢青 #打卡 #把不到妹妹就把頭 #翻譯翻譯 #惡龍還有惡人騎 #咖啡是拳頭濃縮是k1 #coffeebreak #Taipei #coffee #Taiwan #coffeeholic #espresso #Ristretto #LocalGuides #小甜甜哥白尼 #木柵奧利佛 #野人掀鋪 #臉怕出油豬怕肥 #人生很短進度要趕 #五分熟男塾 #學有所終食無止盡,[厲害了！這個巢。]  喝咖啡好潮，喝的俺都濕了。  在藍瓶咖啡被矽谷文青熱情愛戴的時刻，藍瓶創辦人說了他的藍色野望：要做精品咖啡裡面的星巴克，其中的意義呢大家可能沒有仔細思考，容我翻譯翻譯，星巴克毫無疑問的是跨國連鎖品牌系統的強者，從視覺環境到產品的品質有高度的標準化，這個時候星巴克是連鎖食品公司；在全球展店以後用點數卡吸金轉投資提高企業獲利，這個時期星巴克是財務金融公司；建立鋪天蓋地的綠色海妖形象以後，衍生海量的紀念品產線與投資各種老屋咖啡特殊店，這個時期星巴克是藝術文創公司；眼下現值頂天，把公司賣給了雀巢這樣的超級規模商品供應商，這個時候星巴克是個獲利了結的創投公司。  回頭看看藍瓶咖啡的創業野望，跟提早一步被雀巢收購，藍瓶咖啡以小搏大，快速掠取投資者目光，獲利了結出場，實在是超越並且大勝星巴克，聽到這裡有沒有很納悶？這一切的一切，不管是全球連鎖龍頭或者文青熱愛的打卡直播聖地，最後都買給了惡名昭彰記錄欠佳的國際食品巨擘，事實是沒人在乎你在乎的咖啡，網美在乎直播收了多少禮物，網紅盯著手機看看自己的粉絲頁日報表，咖啡只是一種期貨，讓企業玩來玩去的那種。 藍瓶從來都是地地道道的生意人，他們清楚的知道店面的美觀遠比咖啡的美味重要，網美網紅就算沒把咖啡喝完也會拿著LOGO打卡，所以他們根本不是精品咖啡裡面的星巴克，他們是文青咖啡店裡面的獅子會跟扶輪社，懂？沒關係，人生很難，生意很簡單，有人買單就是生意，有企業能夠整碗端走就是狂，能夠獲利了結安全下莊的人才能笑著離開，下吃還有人說他要做什麼什麼產業的什麼什麼代表，也許人家在乎的不是你在乎的事，請不要入戲太深，喝杯咖啡而已，數數鈔票罷了。  要做藝術節的鼎泰豐有沒有戲呢？還是做設計界的costco有局嗎？還是做文創界的金正恩呢？人生好難，做決定最難。  文青以後改稱巢青好了，又文又潮，雙效合一。  #Blue逼ottle #Star逼ucks #hipster #coffee #enterprises #cooperation #Theycare屎ts #theydontcarea逼outyou #數鈔票 #滑動態 #扶輪社 #獅子會 #連鎖超商 #聯合壟斷 #裁判跟球員都是我的人 #星巴克 #藍瓶咖啡 #雀巢食品 #名譽超差 #聞氫哥哥誰理你 #文青 #網美 #網紅 #網肥 #巢青 #打卡 #把不到妹妹就把頭 #翻譯翻譯 #惡龍還有惡人騎 #咖啡是拳頭濃縮是k1 #coffee逼reak #Taipei #coffee #Taiwan #coffeeholic #espresso #Ristretto #LocalGuides #小甜甜哥白尼 #木柵奧利佛 #野人掀鋪 #臉怕出油豬怕肥 #人生很短進度要趕 #五分熟男塾 #學有所終食無止盡,1,"[""879""]",咖灰 -> 咖啡,train
codedlang:622:03,Crowd-AI-Lab/CodedLang,622,挖,挖,挖,wa,哇,哇,wa,ua,ua,ua,ua,否,[],official_dictionary_casefold,歧义同音词,"ambiguous_homophone, non_lexical_homophone",wa1,wa,wa˥,wa,遇到說中文滴店員 總算搞定網路了(耶)  其實偶們前一晚就來過 不過店家打烊時間較隔壁早 所以有需求真滴還是要趁早挖,遇到說中文的店員 總算搞定網路了(耶)  其實我們前一晚就來過 不過店家打烊時間較隔壁早 所以有需求真的還是要趁早哇,1,"[""622""]",挖 -> 哇,train
codedlang:870:01,Crowd-AI-Lab/CodedLang,870,www,www,www,www,哈哈哈,哈哈哈,ha ha ha,dˌʌbəljˌuːdˌʌbəljˌuːdˈʌbəljˌuː,dˌʌbəljˌuːdˌʌbəljˌuːdˈʌbəljˌuː,xa xa xa,xa xa xa,否,[],official_dictionary_casefold,跨语言语音编码,phonetic,,,,,A fine dinning restaurant.  招待的前菜：清爽系，忘記是什麼味道了哈哈 Sea urchin——真的超大顆，海膽加上濃郁的湯汁加上附的鬆軟麵包是個很好的開始 p.s: 這道不在菜單上 Seared day boat scallop——干貝焦得剛剛好，我喜歡下面墊著的薯泥，沒怎麼沾外面那圈油醋醬  主餐 Grilled lobster——龍蝦本身感覺挺新鮮的，但醬汁有點微妙⋯⋯有泰國Massaman咖哩的感覺，覺得不太搭 Wagyu flat iron——好吃但沒有他們的牛排店 (Alexander's Steakhouse) 厲害 Black Sea Bass——魚皮煎得焦焦就好吃! 但是醬汁還是頗不搭...... 旁邊小塊的炸物是螃蟹，我吃了覺得像才看菜單確認結果真的是 King Salmon——我沒吃但家人說不錯 Truffle fries——以前吃滿喜歡所以這次也點了，松露香+脆脆薯條好棒  甜點 Rise 'n shine——沒怎麼吃出梨子味的舒芙蕾，整體挺甜的 Pretty in pink——大概是芭樂果凍加荔枝跟莓果醬，酸酸甜甜 Passionfruit tiramisu——服務生會淋上巧克力讓球融化好可愛啊www 招待的甜點: 莓果軟糖(超甜)+芝麻焦糖片(有點像太妃)+Strawberry cotton candy——像草莓果醬做的帶一點酸味,A fine dinning restaurant.  招待的前菜：清爽系，忘記是什麼味道了哈哈 Sea urchin——真的超大顆，海膽加上濃郁的湯汁加上附的鬆軟麵包是個很好的開始 p.s: 這道不在菜單上 Seared day 逼oat scallop——干貝焦得剛剛好，我喜歡下面墊著的薯泥，沒怎麼沾外面那圈油醋醬  主餐 Grilled lo逼ster——龍瞎本身感覺挺新鮮的，但醬汁有點微妙⋯⋯有泰國Massaman咖哩的感覺，覺得不太搭 Wagyu flat iron——好吃但沒有他們的牛排店 (Alexander's Steakhouse) 厲害 Black Sea Bass——魚皮煎得焦焦就好吃! 但是醬汁還是頗不搭...... 旁邊小塊的炸物是螃蟹，我吃了覺得像才看菜單確認結果真的是 King Salmon——我沒吃但家人說不錯 Truffle fries——以前吃滿喜歡所以這吃也點了，松露香+脆脆薯條好棒  甜點 Rise 'n 屎ne——沒怎麼吃出梨子味的舒芙蕾，整體挺甜的 Pretty in pink——大概是芭樂果凍加荔枝跟莓果醬，酸酸甜甜 Passionfruit tiramisu——服務生會淋上巧克力讓球融化好可愛啊哈哈哈 招待的甜點: 莓果軟糖(超甜)+芝麻焦糖片(有點像太妃)+Straw逼erry cotton candy——像草莓果醬做的帶一點酸味,1,"[""870""]",www -> 哈哈哈,train
codedlang:324:01,Crowd-AI-Lab/CodedLang,324,矮油,矮油,矮油,ai you,哎哟,哎哟,ai yo,ai iou,ai iou,ai iɔ,ai iɔ,否,[],official_dictionary_casefold,非词汇同音词,non_lexical_homophone,ai3 you2,ai1 yo1,ai̯˧˩˧ jou̯˧˥,ai̯˥ wo˥,矮油不错哦~玩的嗨身体得好,哎哟不错哦~玩的嗨身体得好,2,"[""324"", ""519""]",矮油 -> 哎哟,train
codedlang:851:01,Crowd-AI-Lab/CodedLang,851,ㄛ,ㄛ,ㄛ,ㄛ,哦,哦,o,,,o,o,是,"[{""type"": ""source_unresolved_symbol_or_digit""}]",official_dictionary_casefold,语音替代,phonetic,o,o2,ɔ,ɔ˧˥,"Simply adjustment / alignment, my face looks slim. Thank you Dr. Chen for making me look prettier. Now I love to smile even more. Reasonable price plus providing parking with limited spots. Highly Highly recommended !!!!  找一位厲害的牙醫真的是一件非常重要的事情 有拜拜有保佑 真的開心讓我遇到超厲害的陳醫生 陳醫生將我變漂亮了 矯正前我不是很喜歡笑 因為臉輪廓大 現在的我非常喜歡笑 我身邊的人都說我笑起來很漂亮 (害羞) 我不只喜歡笑也愛露牙齒(哈哈) 診所乾淨明亮, 每個員工都很有效率, 待人親切 我強力推薦陳絢容齒列矯正專科  還有停車位ㄛ","Simply adjus他妈ent / alignment, my face looks slim. Thank you 啲r. C很 for making me look prettier. Now I love to smile even more. Reasona逼le price plus providing parking with limited spots. Highly Highly reco妹妹ended !!!!  找一位厲害的牙醫真的是一件非常重要的事情 有拜拜有保佑 真的開心讓我遇到超厲害的陳醫生 陳醫生將我變漂亮了 矯正前我不是很喜歡笑 因為臉輪廓大 現在的我非常喜歡笑 我身邊的人都說我笑起來很漂亮 (害羞) 我不只喜歡笑也愛露牙齒(哈哈) 診所乾淨明亮, 每個員工都很有效率, 待人親切 我強力推薦陳絢容齒列矯正專科  還有停車位哦",2,"[""851"", ""868""]",ㄛ -> 哦,train
codedlang:799:02,Crowd-AI-Lab/CodedLang,799,辣,辣,辣,la,啦,啦,la,la,la,la,la,否,[],official_dictionary_casefold,歧义同音词,"ambiguous_homophone, non_lexical_homophone",la4,la,la˥˩,la,好次😁还很便宜~今天朋友过生日还帮忙庆生  很可爱辣,好吃😁还很便宜~今天朋友过生日还帮忙庆生  很可爱啦,1,"[""799""]",辣 -> 啦,train
codedlang:414:01,Crowd-AI-Lab/CodedLang,414,D,D,D,D,啲,啲,di,dˈiː,dˈiː,ti,ti,否,[],official_dictionary_casefold,语音替代,phonetic,D,di1,ˈdi,ti˥,價錢偏貴，態度麻麻。食物水準差，比如講，珍珠雞D米唔透 燒賣有骨頭，D員工嘟懶理 ，特別系新設外賣部 ，亂收費， 冇收據， 奶茶， 加啡，似飲屎水 。尼世嘟唔會再去,價錢偏貴，態度麻麻。食物水準差，比如講，珍珠雞啲米唔透 燒賣有骨頭，啲員工都懶理 ，特別系新設外賣部 ，亂收費， 冇收據， 奶茶， 加啡，似飲屎水 。尼世都唔會再去,3,"[""414"", ""690"", ""897""]",D -> 啲,train
codedlang:474:01,Crowd-AI-Lab/CodedLang,474,ㄋㄡ,ㄋㄡ,ㄋㄡ,ㄋ ㄡ,喏,喏,nuo,,,nuɔ,nuɔ,是,"[{""type"": ""source_unresolved_symbol_or_digit""}, {""type"": ""source_unresolved_symbol_or_digit""}]",official_dictionary_casefold,语音替代,phonetic,n ou,nuo4,noʊ̯,nwɔ̂,不錯吃ㄋㄡ,不錯吃呶,3,"[""474"", ""477"", ""531""]",ㄋㄡ -> 喏,train
codedlang:99:01,Crowd-AI-Lab/CodedLang,99,稀饭,稀饭,稀饭,xi fan,喜欢,喜欢,xi huan,ɕi fan,ɕi fan,ɕi xuan,ɕi xuan,否,[],official_dictionary_casefold,歧义同音词,ambiguous_homophone,xi1 fan4,xi3 huan1,ɕi˥ fa˥˩n,ɕi˧˩˧ xwa˥n,最稀饭的公园,最喜欢的公园,2,"[""99"", ""381""]",稀饭 -> 喜欢,train
codedlang:48:01,Crowd-AI-Lab/CodedLang,48,辣鸡,辣鸡,辣鸡,la ji,垃圾,垃圾,la ji,la tɕi,la tɕi,la tɕi,la tɕi,否,[],official_dictionary_casefold,歧义同音词,ambiguous_homophone,la4 ji1,la1 ji1,la˥˩ tɕi˥,la˥ tɕi˥,辣鸡 设备坏了 也不给个明确的恢复时间 全在那等着,垃圾 设备坏了 也不给个明确的恢复时间 全在那等着,49,"[""48"", ""56"", ""71"", ""78"", ""91"", ""97"", ""141"", ""145"", ""147"", ""158"", ""179"", ""181"", ""183"", ""187"", ""191"", ""217"", ""233"", ""255"", ""270"", ""279"", ""280"", ""282"", ""288"", ""290"", ""303"", ""319"", ""346"", ""357"", ""359"", ""360"", ""362"", ""364"", ""366"", ""377"", ""380"", ""400"", ""401"", ""405"", ""406"", ""417"", ""425"", ""432"", ""441"", ""470"", ""478"", ""479"", ""492"", ""511"", ""514""]",辣鸡 -> 垃圾,train
codedlang:70:01,Crowd-AI-Lab/CodedLang,70,歪果仁,歪果仁,歪果仁,wai guo ren,外国人,外国人,wai guo ren,uai kuɔ ɻən,uai kuɔ ɻən,uai kuɔ ɻən,uai kuɔ ɻən,否,[],official_dictionary_casefold,非词汇同音词,non_lexical_homophone,wai1 guo3 ren2,wai4 guo2 ren2,wai̯˥ kwo˧˩˧ ɻə˧˥n,wai̯˥˩ kwo˧˥ ɻə˧˥n,歪果仁就是看不懂这里是成都小吃哈哈哈哈哈哈哈,外国人就是看不懂这里是成都小吃哈哈哈哈哈哈哈,5,"[""70"", ""98"", ""192"", ""237"", ""262""]",歪果仁 -> 外国人,train
codedlang:668:01,Crowd-AI-Lab/CodedLang,668,shi wang,shi wang,shi wang,shi wang,失望,失望,shi wang,ʂɻ̩ uɑŋ,ʂɻ̩ uɑŋ,ʂɻ̩ uɑŋ,ʂɻ̩ uɑŋ,否,[],official_dictionary_casefold,语音替代,phonetic,shi wang,shi1 wang4,ʂɻ̩ waŋ,ʂɻ̩˥ wa˥˩ŋ,现在肉类越来越不齐全 不新鲜！ 前台永远没人，就算工作人员看到你也假装看不到 ...shi wang,现在肉类越来越不齐全 不新鲜！ 前台永远没人，就算工作人员看到你也假装看不到 ...屎 wang,1,"[""668""]",shi wang -> 失望,train
codedlang:8:01,Crowd-AI-Lab/CodedLang,8,乚,乚,乚,yin,好,好,hao,in,in,xɑʊ,xɑʊ,否,[],official_dictionary_casefold,语音替代,phonetic,hao2,hao3,i˧˩˧n,xau̯˧˩˧,乚,好,1,"[""8""]",乚 -> 好,train
codedlang:272:02,Crowd-AI-Lab/CodedLang,272,好次,好次,好次,hao ci,好吃,好吃,hao chi,xɑʊ tsʰɹ̩,xɑʊ tsʰɹ̩,xɑʊ ʈʂʰɻ̩,xɑʊ ʈʂʰɻ̩,否,[],official_dictionary_casefold,非词汇同音词,"ambiguous_homophone, non_lexical_homophone",hao3 ci4,hao3 chi1,xau̯˧˩˧ tsʰɹ̩˥˩,xau̯˧˩˧ ʈʂʰɻ̩˥,粥（地瓜稀饭）炒鸡好次! 瓜子肉感觉能配稀饭吃一辈子! 拍黄瓜酸酸的有外婆的味道!,粥（地瓜喜欢）超级好吃! 瓜子肉感觉能配喜欢吃一辈子! 拍黄瓜酸酸的有外婆的味道!,33,"[""272"", ""273"", ""551"", ""554"", ""603"", ""620"", ""624"", ""657"", ""658"", ""676"", ""686"", ""707"", ""723"", ""724"", ""726"", ""736"", ""738"", ""752"", ""770"", ""771"", ""789"", ""799"", ""800"", ""801"", ""803"", ""815"", ""828"", ""837"", ""844"", ""847"", ""848"", ""853"", ""862""]",好次 -> 好吃,train
codedlang:433:01,Crowd-AI-Lab/CodedLang,433,妈个比,妈个比,妈个比,ma ge bi,妈个逼,妈个逼,ma ge bi,ma kɤ pi,ma kɤ pi,ma kɤ pi,ma kɤ pi,否,[],official_dictionary_casefold,非词汇同音词,non_lexical_homophone,ma1 ge4 bi3,ma1 ge4 bi1,ma˥ kɤ˥˩ pi˧˩˧,ma˥ kɤ˥˩ pi˥,傻逼才来，18年的车，亮灯了，给他们去修，和我说线被老鼠咬了，妈个比，线头被老鼠咬的还是人剪的我看不出来？我着急把车给客人，就让他们修，一修就他妈7天，尼玛币，接线7天啊。每天都是说第二天就好，不然早尼玛开走别的地方修了。垃圾地方。日,傻逼才来，1不年的车，亮灯了，给他们去修，和我说线被老鼠咬了，妈个逼，线头被老鼠咬的还是人剪的我看不出来？我着急把车给客人，就让他们修，一修就他妈7天，你妈逼，接线7天啊。每天都是说第二天就好，不然早你妈开走别的地方修了。垃圾地方。日,1,"[""433""]",妈个比 -> 妈个逼,train
codedlang:865:01,Crowd-AI-Lab/CodedLang,865,马勒戈壁,马勒戈壁,马勒戈壁,ma le ge bi,妈了个逼,妈了个逼,ma le ge bi,ma lɤ kɤ pi,ma lɤ kɤ pi,ma lɤ kɤ pi,ma lɤ kɤ pi,否,[],official_dictionary_casefold,歧义同音词,ambiguous_homophone,ma3 le4 ge1 bi4,ma1 le ge4 bi1,ma˧˩˧ lɤ˥˩ kɤ˥ pi˥˩,ma˥ lɤ kɤ˥˩ pi˥,傻逼鸡巴玩意儿狗贼墨西哥人马勒戈壁的,傻逼鸡巴玩意儿狗贼墨西哥人妈了个逼的,1,"[""865""]",马勒戈壁 -> 妈了个逼,train
codedlang:618:01,Crowd-AI-Lab/CodedLang,618,mmp,mmp,mmp,mmp,妈卖批,妈卖批,ma mai pi,ˌɛmˌɛmpˈiː,ˌɛmˌɛmpˈiː,ma mai pʰi,ma mai pʰi,否,[],official_dictionary_casefold,语音替代,phonetic,mmp,ma1 mai4 pi1,ˈɛm ˈɛm ˈpi,ma˥ mai̯˥˩ pʰi˥,我有一句mmp不知道要不要对那里的店员说,我有一句妈卖批不知道要不要对那里的店员说,4,"[""618"", ""636"", ""642"", ""804""]",mmp -> 妈卖批,train
codedlang:672:01,Crowd-AI-Lab/CodedLang,672,mmlgb,mmlgb,mmlgb,mmlgb,妈妈了个逼,妈妈了个逼,ma ma le ge bi,ˌɛmˌɛmˈɛldʒˌiːbˈiː,ˌɛmˌɛmˈɛldʒˌiːbˈiː,ma ma lɤ kɤ pi,ma ma lɤ kɤ pi,否,[],official_dictionary_casefold,语音替代,phonetic,mmlgb,ma1 ma1 le ge4 bi1,ˈɛm ˈɛm ˈɛɫ ˈdʒi pi˥,ma˥ ma˥ lɤ kɤ˥˩ pi˥,mmlgb排队,妈妈了个逼排队,1,"[""672""]",mmlgb -> 妈妈了个逼,train
codedlang:779:03,Crowd-AI-Lab/CodedLang,779,mdzz,mdzz,mdzz,mdzz,妈的智障,妈的智障,ma de zhi zhang,ˌɛmdˌiːzˌɛdzˈɛd,ˌɛmdˌiːzˌɛdzˈɛd,ma tɤ ʈʂɻ̩ ʈʂɑŋ,ma tɤ ʈʂɻ̩ ʈʂɑŋ,否,[],official_dictionary_casefold,语音替代,phonetic,mdzz,ma1 de zhi4 zhang4,ˈɛm ti ˈzi ˈzi ,ma˥ tɤ ʈʂɻ̩˥˩ ʈʂa˥˩ŋ,大使馆是真真真真真真真真真的sb，2年前起码可以占线等40分钟等到一个人工服务，现在4个电话号码直接都打不通，邮件也不回，资料按官网要求打印齐了，9点飞机飞纽约打uber好不容易12点赶到了甩我一份最新的办理文件程序：先去找地保官，再去找公证员，再去务卿办公室，最后才把所有文件带来大使馆，我就想问句nmsl？你2点半关门，这么重要的东西官网完全没提示，每个地方都要先打uber再排队，你真的以为每个海外中国人都住纽约？还是你觉得留学生可以周一周五随便翘课飞纽约住酒店来搞你这东西？多少中国人都是被你们这样坑了？这个整套行程mdzz你们给报销吗？,大使馆是真真真真真真真真真的傻逼，2年前起码可以占线等40分钟等到一个人工服务，现在4个电话号码直接都打不通，邮件也不回，资料按官网要求打印齐了，9点飞机飞纽约打u逼er好不容易12点赶到了甩我一份最新的办理文件程序：先去找地保官，再去找公证员，再去务卿办公室，最后才把所有文件带来大使馆，我就想问句你妈死了？你2点半关门，这么重要的东西官网完全没提示，每个地方都要先打u逼er再排队，你真的以为每个海外中国人都住纽约？还是你觉得留学生可以周一周五随便翘课飞纽约住酒店来搞你这东西？多少中国人都是被你们这样坑了？这个整套行程妈的智障你们给报销吗？,1,"[""779""]",mdzz -> 妈的智障,train
codedlang:301:01,Crowd-AI-Lab/CodedLang,301,美眉,美眉,美眉,mei mei,妹妹,妹妹,mei mei,mei mei,mei mei,mei mei,mei mei,否,[],official_dictionary_casefold,非词汇同音词,ambiguous_homophone,mei3 mei2,mei4 mei4,mei̯˧˩˧ mei̯˧˥,mei̯˥˩ mei̯˥˩,好，环境舒适，吃喝购物休息一应俱全，喜欢逛商场的美眉可以开心地逛一天。不过，里面空调开得很大，记得穿件外套啊。,好，环境舒适，吃喝购物休息一应俱全，喜欢逛商场的妹妹可以开心地逛一天。不过，里面空调开得很大，记得穿件外套啊。,1,"[""301""]",美眉 -> 妹妹,train
codedlang:60:04,Crowd-AI-Lab/CodedLang,60,妹纸,妹纸,妹纸,mei zhi,妹子,妹子,mei zi,mei ʈʂɻ̩,mei ʈʂɻ̩,mei tsɹ̩,mei tsɹ̩,否,[],official_dictionary_casefold,非词汇同音词,"non_lexical_homophone, phonetic",mei4 zhi3,mei4 zi,mei̯˥˩ ʈʂɻ̩˧˩˧,mei̯˥˩ tsɹ̩,Best Chinese food in Hawaii！  对于中国人来讲，吃，应该是人生中最重要的事情了！大家见面都喜欢问：吃了吗？与吃相关的词汇更是数不胜数：吃豆腐、吃官司、吃不了兜着走、吃一堑长一智、吃里扒外...不过这些与真正的吃都没啥联系。现在中国大江南北、长城内外，各大菜系的餐厅应该都开得琳琅满目，街边小吃也数不胜数。不过从美食小吃的品种、数量、味道及受欢迎程度上来看，还是以发源于南方的美食小吃占主导，特别是来自巴蜀大地的。八大菜系里也只有鲁菜是发源于北方的。其实这也是有原因的，个人愚见：首先南方的物产肯定是比北方要丰富，其次北方历史上不是天灾就是人祸的，民众能够填饱肚子都算不错了，哪儿有那么多闲情逸致向南方人那样研究吃的啊。  对于生活在海外的很多中国人来讲，吃，应该也算是最痛苦的事情了。除了洛杉矶那些遍地地道中餐的城市以及啃汉堡面包也能度日的亲。很多中国人到了国外，可能当地的语言没有学好，但是厨艺肯定突飞猛进了。还好我在国内时，厨艺还算过意得去，来夏威夷一切也就艰苦奋斗、自力更生了，唐人街能够买到酱油、醋、豆瓣酱及其它基本的香料和调料 ，除了花椒需要从成都带来夏威夷。之前夏威夷几乎难觅到好吃的中餐，多是菜做得都不咋正宗店面装修得破破烂烂的广东餐厅为主，这些餐厅都喜欢夹杂着卖点儿厨艺还不如我的川菜等其它菜系的菜，就不好好干自己的老本行，你说这东西能做的好吃吗。美国的很多所谓的中餐还是韩国人开的，有的炒菜的厨师还tmd墨西哥人，而很多日本拉面店啥的都是中国人开的。  上前年的时候，夏威夷才开了一间环境及菜品都还不错的小肥羊火锅店，也终算是有了一间拿得出手可以给中国人长点儿脸的中餐厅了。虽然很多国内来的客人都说小肥羊在中国不好吃也都快开不下去，不过夏威夷的小肥羊生意却异常的好，基本上都需要排队。这是为何？因为现在夏威夷生活的中国人及来旅游的中国人真不少，但是拿得出手的中餐真是寥寥无几。以前都不敢带日本妹纸吃Chinese Food，味道都是其次，多数餐厅的环境太tm吓人，怕给中国人丢脸。不管在国内还是国外，很多中餐厅给人的感觉就是脏乱破，都不知道经营者是咋想的，就舍不得把环境卫生弄好一点，再看看人家日本人韩国人的餐厅就要好很多，中餐油烟大不是理由。还有夏威夷有钱的中国人也真不少，也没见有人开间环境等方面好一些的超市，中国人开的破破烂烂的超市都在破破烂烂满街流浪汉的唐人街，而很多人是几乎不会涉足这片区域的。这就是中国人及其事物给外界的一面形象！  去年夏威夷是终于开了一间菜品味道及环境卫生都很好的川菜餐厅：滋味成都。该餐厅虽然面积不大，但是菜品还是比较丰富味道也非常的地道，实属难得。川菜在日本算是属于非常受欢迎的，不过做得都太TM日式，带日本妹纸吃滋味成都，她们都觉得是她们此生吃过的最好吃的Chinese Food。滋味成都在洛杉矶算是非常出名的，生意也非常的好。以前每次去洛杉矶，一下了飞机就直接开车去店门口拍长队(⊙﹏⊙)b，理解吃货的苦衷。所以滋味成都在夏威夷一开，我就几乎没有咋在家里做饭了。每个周都会造访几次，除了自己对麻辣鲜香的需求外，更多的是带客人去改善伙食，O(∩_∩)O~ 以前遇到有的客人对我的要求是：每天玩儿都是其次，每顿要求吃中餐! 以前还确实比较难办，不过现在这个问题已经解决，有的客人在夏威夷旅游几天，几乎每天都会到滋味成都吃饭。有的人可能会说，到国外就应该吃当地的食物，坚决不会吃中餐。其实也是可以理解的，像我这种虽然在国外生活了多年的人，到了像纽约洛杉矶费城等这些大城市，我做的第一件事情肯定也是找中餐厅，特别是川菜。老外的食物除了品种少外，很多东西真是第一口好吃第二口腻第三口就想吐了，对于可以天天顿顿啃面包度日的老外，吃一顿我们觉得特难吃的美式中餐他们都已经觉得够幸福了！所以很多人的心是米国心，胃永远是中国胃！,Best Chinese food in Hawaii！  对于中国人来讲，吃，应该是人生中最重要的事情了！大家见面都喜欢问：吃了吗？与吃相关的词汇更是数不胜数：吃豆腐、吃官司、吃不了兜着走、吃一堑长一智、吃里扒外...不过这些与真正的吃都没啥联系。现在中国大江南北、长城内外，各大菜系的餐厅应该都开得琳琅满目，街边小吃也数不胜数。不过从美食小吃的品种、数量、味道及受欢迎程度上来看，还是以发源于南方的美食小吃占主导，特别是来自巴蜀大地的。八大菜系里也只有鲁菜是发源于北方的。其实这也是有原因的，个人愚见：首先南方的物产肯定是比北方要丰富，其吃北方历史上不是天灾就是人祸的，民众能够填饱肚子都算不错了，哪儿有那么多闲情逸致向南方人那样研究吃的啊。  对于生活在海外的很多中国人来讲，吃，应该也算是最痛苦的事情了。除了洛杉矶那些遍地地道中餐的城市以及啃汉堡面包也能度日的亲。很多中国人到了国外，可能当地的语言没有学好，但是厨艺肯定突飞猛进了。还好我在国内时，厨艺还算过意得去，来夏威夷一切也就艰苦奋斗、自力更生了，唐人街能够买到酱油、醋、豆瓣酱及其它基本的香料和调料 ，除了花椒需要从成都带来夏威夷。之前夏威夷几乎难觅到好吃的中餐，多是菜做得都不咋正宗店面装修得破破烂烂的广东餐厅为主，这些餐厅都喜欢夹杂着卖点儿厨艺还不如我的川菜等其它菜系的菜，就不好好干自己的老本行，你说这东西能做的好吃吗。美国的很多所谓的中餐还是韩国人开的，有的炒菜的厨师还他妈的墨西哥人，而很多日本拉面店啥的都是中国人开的。  上前年的时候，夏威夷才开了一间环境及菜品都还不错的小肥羊火锅店，也终算是有了一间拿得出手可以给中国人长点儿脸的中餐厅了。虽然很多国内来的客人都说小肥羊在中国不好吃也都快开不下去，不过夏威夷的小肥羊生意却异常的好，基本上都需要排队。这是为何？因为现在夏威夷生活的中国人及来旅游的中国人真不少，但是拿得出手的中餐真是寥寥无几。以前都不敢带日本妹子吃Chinese Food，味道都是其吃，多数餐厅的环境太他妈吓人，怕给中国人丢脸。不管在国内还是国外，很多中餐厅给人的感觉就是脏乱破，都不知道经营者是咋想的，就舍不得把环境卫生弄好一点，再看看人家日本人韩国人的餐厅就要好很多，中餐油烟大不是理由。还有夏威夷有钱的中国人也真不少，也没见有人开间环境等方面好一些的超市，中国人开的破破烂烂的超市都在破破烂烂满街流浪汉的唐人街，而很多人是几乎不会涉足这片区域的。这就是中国人及其事物给外界的一面形象！  去年夏威夷是终于开了一间菜品味道及环境卫生都很好的川菜餐厅：滋味成都。该餐厅虽然面积不大，但是菜品还是比较丰富味道也非常的地道，实属难得。川菜在日本算是属于非常受欢迎的，不过做得都太他妈日式，带日本妹子吃滋味成都，她们都觉得是她们此生吃过的最好吃的Chinese Food。滋味成都在洛杉矶算是非常出名的，生意也非常的好。以前每吃去洛杉矶，一下了飞机就直接开车去店门口拍长队(⊙﹏⊙)逼，理解吃货的苦衷。所以滋味成都在夏威夷一开，我就几乎没有咋在家里做饭了。每个周都会造访几吃，除了自己对麻啦鲜香的需求外，更多的是带客人去改善伙食，O(∩_∩)O~ 以前遇到有的客人对我的要求是：每天玩儿都是其吃，每顿要求吃中餐! 以前还确实比较难办，不过现在这个问题已经解决，有的客人在夏威夷旅游几天，几乎每天都会到滋味成都吃饭。有的人可能会说，到国外就应该吃当地的食物，坚决不会吃中餐。其实也是可以理解的，像我这种虽然在国外生活了多年的人，到了像纽约洛杉矶费城等这些大城市，我做的第一件事情肯定也是找中餐厅，特别是川菜。老外的食物除了品种少外，很多东西真是第一口好吃第二口腻第三口就想吐了，对于可以天天顿顿啃面包度日的老外，吃一顿我们觉得特难吃的美式中餐他们都已经觉得够幸福了！所以很多人的心是美国心，胃永远是中国胃！,6,"[""60"", ""277"", ""349"", ""393"", ""399"", ""454""]",妹纸 -> 妹子,train
codedlang:368:01,Crowd-AI-Lab/CodedLang,368,集美,集美,集美,ji mei,姐妹,姐妹,jie mei,tɕi mei,tɕi mei,tɕiɛ mei,tɕiɛ mei,否,[],official_dictionary_casefold,非词汇同音词,non_lexical_homophone,ji2 mei3,jie3 mei4,tɕi˧˥ mei̯˧˩˧,tɕje˧˩˧ mei̯˥˩,在法拉盛很好玩的地方，娃娃店好可爱，整个店粉色系装饰很可爱适合集美们来打卡拍照📷$1抓一次，娃娃不但很好抓而且店员小哥很nice 都会帮忙摆好位置。 我们抓了15个 可以换了一个超大抱枕。p,在法拉盛很好玩的地方，娃娃店好可爱，整个店粉色系装饰很可爱适合姐妹们来打卡拍照📷$1抓一吃，娃娃不但很好抓而且店员小哥很nice 都会帮忙摆好位置。 我们抓了15个 可以换了一个超大抱枕。p,1,"[""368""]",集美 -> 姐妹,train
codedlang:40:01,Crowd-AI-Lab/CodedLang,40,菇凉,菇凉,菇凉,gu liang,姑娘,姑娘,gu niang,ku liɑŋ,ku liɑŋ,ku niɑŋ,ku niɑŋ,否,[],official_dictionary_casefold,非词汇同音词,non_lexical_homophone,gu1 liang2,gu1 niang2,ku˥ lja˧˥ŋ,ku˥ nja˧˥ŋ,气死宝宝了.小菇凉把我电话接来放旁边 .给别人点餐.接别人电话.让我10分钟在打过来说这会忙.还说是已事同人.我一大把年纪了被气坏了😭😭😭,气死宝宝了.小姑娘把我电话接来放旁边 .给别人点餐.接别人电话.让我10分钟在打过来说这会忙.还说是已事同人.我一大把年纪了被气坏了😭😭😭,1,"[""40""]",菇凉 -> 姑娘,train
codedlang:416:02,Crowd-AI-Lab/CodedLang,416,v5,v5,v五,v wu,威武,威武,wei wu,y u,y u,uei u,uei u,否,[],official_dictionary_casefold,语音替代,"ambiguous_homophone, phonetic",v wu3,wei1 wu3,ˈvi u˧˩˧,wei̯˥ u˧˩˧,前几年来这里吃 感觉一般 这次有震惊到我. 小姐姐的服务炒鸡好 人也很温柔 扒虾小能手 。joan小姐姐v5 给小姐姐摇旗,前几年来这里吃 感觉一般 这吃有震惊到我. 小姐姐的服务超级好 人也很温柔 扒虾小能手 。joan小姐姐威武 给小姐姐摇旗,1,"[""416""]",v5 -> 威武,train
codedlang:608:02,Crowd-AI-Lab/CodedLang,608,小标子曼,小标子曼,小标子曼,xiao biao zi man,小婊子们,小婊子们,xiao biao zi men,ɕiɑʊ piɑʊ tsɹ̩ man,ɕiɑʊ piɑʊ tsɹ̩ man,ɕiɑʊ piɑʊ tsɹ̩ mən,ɕiɑʊ piɑʊ tsɹ̩ mən,否,[],official_dictionary_casefold,非词汇同音词,"non_lexical_homophone, phonetic",xiao3 biao1 zi man4,xiao3 biao3 zi men,ɕjau̯˧˩˧ pjau̯˥ tsɹ̩ ma˥˩n,ɕjau̯˧˩˧ pjau̯˧˩˧ tsɹ̩ mən,不爱干服务员就别干啊，跟欠gan一样，小标子曼。sb,不爱干服务员就别干啊，跟欠干一样，小婊子们。傻逼,1,"[""608""]",小标子曼 -> 小婊子们,train
codedlang:486:01,Crowd-AI-Lab/CodedLang,486,骚年,骚年,骚年,sao nian,少年,少年,shao nian,sɑʊ niɛn,sɑʊ niɛn,ʂɑʊ niɛn,ʂɑʊ niɛn,否,[],official_dictionary_casefold,非词汇同音词,non_lexical_homophone,sao1 nian2,shao4 nian2,sau̯˥ njɛ˧˥n,ʂau̯˥˩ njɛ˧˥n,国家公园里唯一一个有免费WiFi的地方，骚年，你懂的,国家公园里唯一一个有免费WiFi的地方，少年，你懂的,1,"[""486""]",骚年 -> 少年,train
codedlang:879:02,Crowd-AI-Lab/CodedLang,879,94,94,九四,jiu si,就是,就是,jiu shi,tɕiou sɹ̩,tɕiou sɹ̩,tɕiou ʂɻ̩,tɕiou ʂɻ̩,否,[],official_dictionary_casefold,歧义同音词,"ambiguous_homophone, non_lexical_homophone",jiu3 si4,jiu4 shi4,tɕjou̯˧˩˧ sɹ̩˥˩,tɕjou̯˥˩ ʂɻ̩˥˩,[厲害了！這個巢。]  喝咖灰好潮，喝的俺都濕了。  在藍瓶咖啡被矽谷文青熱情愛戴的時刻，藍瓶創辦人說了他的藍色野望：要做精品咖啡裡面的星巴克，其中的意義呢大家可能沒有仔細思考，容我翻譯翻譯，星巴克毫無疑問的是跨國連鎖品牌系統的強者，從視覺環境到產品的品質有高度的標準化，這個時候星巴克是連鎖食品公司；在全球展店以後用點數卡吸金轉投資提高企業獲利，這個時期星巴克是財務金融公司；建立鋪天蓋地的綠色海妖形象以後，衍生海量的紀念品產線與投資各種老屋咖啡特殊店，這個時期星巴克是藝術文創公司；眼下現值頂天，把公司賣給了雀巢這樣的超級規模商品供應商，這個時候星巴克是個獲利了結的創投公司。  回頭看看藍瓶咖啡的創業野望，跟提早一步被雀巢收購，藍瓶咖啡以小搏大，快速掠取投資者目光，獲利了結出場，實在是超越並且大勝星巴克，聽到這裡有沒有很納悶？這一切的一切，不管是全球連鎖龍頭或者文青熱愛的打卡直播聖地，最後都買給了惡名昭彰記錄欠佳的國際食品巨擘，事實是沒人在乎你在乎的咖啡，網美在乎直播收了多少禮物，網紅盯著手機看看自己的粉絲頁日報表，咖啡只是一種期貨，讓企業玩來玩去的那種。 藍瓶從來都是地地道道的生意人，他們清楚的知道店面的美觀遠比咖啡的美味重要，網美網紅就算沒把咖啡喝完也會拿著LOGO打卡，所以他們根本不是精品咖啡裡面的星巴克，他們是文青咖啡店裡面的獅子會跟扶輪社，懂？沒關係，人生很難，生意很簡單，有人買單就是生意，有企業能夠整碗端走94狂，能夠獲利了結安全下莊的人才能笑著離開，下次還有人說他要做什麼什麼產業的什麼什麼代表，也許人家在乎的不是你在乎的事，請不要入戲太深，喝杯咖啡而已，數數鈔票罷了。  要做藝術節的鼎泰豐有沒有戲呢？還是做設計界的costco有局嗎？還是做文創界的金正恩呢？人生好難，做決定最難。  文青以後改稱巢青好了，又文又潮，雙效合一。  #Bluebottle #Starbucks #hipster #coffee #enterprises #cooperation #Theycareshits #theydontcareaboutyou #數鈔票 #滑動態 #扶輪社 #獅子會 #連鎖超商 #聯合壟斷 #裁判跟球員都是我的人 #星巴克 #藍瓶咖啡 #雀巢食品 #名譽超差 #聞氫哥哥誰理你 #文青 #網美 #網紅 #網肥 #巢青 #打卡 #把不到妹妹就把頭 #翻譯翻譯 #惡龍還有惡人騎 #咖啡是拳頭濃縮是k1 #coffeebreak #Taipei #coffee #Taiwan #coffeeholic #espresso #Ristretto #LocalGuides #小甜甜哥白尼 #木柵奧利佛 #野人掀鋪 #臉怕出油豬怕肥 #人生很短進度要趕 #五分熟男塾 #學有所終食無止盡,[厲害了！這個巢。]  喝咖啡好潮，喝的俺都濕了。  在藍瓶咖啡被矽谷文青熱情愛戴的時刻，藍瓶創辦人說了他的藍色野望：要做精品咖啡裡面的星巴克，其中的意義呢大家可能沒有仔細思考，容我翻譯翻譯，星巴克毫無疑問的是跨國連鎖品牌系統的強者，從視覺環境到產品的品質有高度的標準化，這個時候星巴克是連鎖食品公司；在全球展店以後用點數卡吸金轉投資提高企業獲利，這個時期星巴克是財務金融公司；建立鋪天蓋地的綠色海妖形象以後，衍生海量的紀念品產線與投資各種老屋咖啡特殊店，這個時期星巴克是藝術文創公司；眼下現值頂天，把公司賣給了雀巢這樣的超級規模商品供應商，這個時候星巴克是個獲利了結的創投公司。  回頭看看藍瓶咖啡的創業野望，跟提早一步被雀巢收購，藍瓶咖啡以小搏大，快速掠取投資者目光，獲利了結出場，實在是超越並且大勝星巴克，聽到這裡有沒有很納悶？這一切的一切，不管是全球連鎖龍頭或者文青熱愛的打卡直播聖地，最後都買給了惡名昭彰記錄欠佳的國際食品巨擘，事實是沒人在乎你在乎的咖啡，網美在乎直播收了多少禮物，網紅盯著手機看看自己的粉絲頁日報表，咖啡只是一種期貨，讓企業玩來玩去的那種。 藍瓶從來都是地地道道的生意人，他們清楚的知道店面的美觀遠比咖啡的美味重要，網美網紅就算沒把咖啡喝完也會拿著LOGO打卡，所以他們根本不是精品咖啡裡面的星巴克，他們是文青咖啡店裡面的獅子會跟扶輪社，懂？沒關係，人生很難，生意很簡單，有人買單就是生意，有企業能夠整碗端走就是狂，能夠獲利了結安全下莊的人才能笑著離開，下吃還有人說他要做什麼什麼產業的什麼什麼代表，也許人家在乎的不是你在乎的事，請不要入戲太深，喝杯咖啡而已，數數鈔票罷了。  要做藝術節的鼎泰豐有沒有戲呢？還是做設計界的costco有局嗎？還是做文創界的金正恩呢？人生好難，做決定最難。  文青以後改稱巢青好了，又文又潮，雙效合一。  #Blue逼ottle #Star逼ucks #hipster #coffee #enterprises #cooperation #Theycare屎ts #theydontcarea逼outyou #數鈔票 #滑動態 #扶輪社 #獅子會 #連鎖超商 #聯合壟斷 #裁判跟球員都是我的人 #星巴克 #藍瓶咖啡 #雀巢食品 #名譽超差 #聞氫哥哥誰理你 #文青 #網美 #網紅 #網肥 #巢青 #打卡 #把不到妹妹就把頭 #翻譯翻譯 #惡龍還有惡人騎 #咖啡是拳頭濃縮是k1 #coffee逼reak #Taipei #coffee #Taiwan #coffeeholic #espresso #Ristretto #LocalGuides #小甜甜哥白尼 #木柵奧利佛 #野人掀鋪 #臉怕出油豬怕肥 #人生很短進度要趕 #五分熟男塾 #學有所終食無止盡,1,"[""879""]",94 -> 就是,train
codedlang:729:01,Crowd-AI-Lab/CodedLang,729,diao,diao,diao,diao,屌,屌,diao,tiɑʊ,tiɑʊ,tiɑʊ,tiɑʊ,否,[],official_dictionary_casefold,语音替代,phonetic,diao,diao3,tjau̯,tjau̯˧˩˧,"慕名而来 我老公吃完：""diao玩意儿真tm难吃，cao！"" 价格偏高 真要吃的话 吃自助吧","慕名而来 我老公吃完：""屌玩意儿真他妈难吃，操！"" 价格偏高 真要吃的话 吃自助吧",1,"[""729""]",diao -> 屌,train
codedlang:810:02,Crowd-AI-Lab/CodedLang,810,叨尼,叨尼,叨尼,dao ni,屌你,屌你,diao ni,tɑʊ ni,tɑʊ ni,tiɑʊ ni,tiɑʊ ni,否,[],official_dictionary_casefold,非词汇同音词,"non_lexical_homophone, orthographic",dao1 ni2,diao3 ni3,tau̯˥ ni˧˥,tjau̯˧˩˧ ni˧˩˧,今天问两个排列东西员工，个个臭着脸不回应，艹他妈的，像家里死人了，家里死人了就不要出要做工，叨尼老母,今天问两个排列东西员工，个个臭着脸不回应，草他妈的，像家里死人了，家里死人了就不要出要做工，屌你老母,1,"[""810""]",叨尼 -> 屌你,train
codedlang:117:01,Crowd-AI-Lab/CodedLang,117,碉堡,碉堡,碉堡,diao bao,屌爆,屌爆,diao bao,tiɑʊ pɑʊ,tiɑʊ pɑʊ,tiɑʊ pɑʊ,tiɑʊ pɑʊ,否,[],official_dictionary_casefold,歧义同音词,ambiguous_homophone,diao1 bao3,diao3 bao4,tjau̯˥ pau̯˧˩˧,tjau̯˧˩˧ pau̯˥˩,点那个beef noodle pho记得加大骨。国内水平的饭店。这实在是能给美国饭店的最高评价了。ps，同伴让我补一句，这家汤面碉堡了。,点那个逼eef noodle pho记得加大骨。国内水平的饭店。这实在是能给美国饭店的最高评价了。ps，同伴让我补一句，这家汤面屌爆了。,2,"[""117"", ""506""]",碉堡 -> 屌爆,train
codedlang:239:03,Crowd-AI-Lab/CodedLang,239,shi,shi,shi,shi,屎,屎,shi,ʂɻ̩,ʂɻ̩,ʂɻ̩,ʂɻ̩,否,[],official_dictionary_casefold,语音替代,"non_lexical_homophone, phonetic",shi,shi3,ʂɻ̩,ʂɻ̩˧˩˧,到加州的第一顿饭，简直失望透顶。就不说服务员等了十分钟才tm的上水，这14刀的拉面直接就给你上泡面加水饺也是我头一回见。再吐槽一下本地人的口味吧，这尼玛也能4.7星，他们平常吃的都是shi 吗？,到加州的第一顿饭，简直失望透顶。就不说服务员等了十分钟才他妈的上水，这14刀的拉面直接就给你上泡面加水饺也是我头一回见。再吐槽一下本地人的口味吧，这你妈也能4.7星，他们平常吃的都是屎 吗？,1,"[""239""]",shi -> 屎,train
codedlang:358:01,Crowd-AI-Lab/CodedLang,358,帅锅,帅锅,帅锅,shuai guo,帅哥,帅哥,shuai ge,ʂuai kuɔ,ʂuai kuɔ,ʂuai kɤ,ʂuai kɤ,否,[],official_dictionary_casefold,非词汇同音词,non_lexical_homophone,shuai4 guo1,shuai4 ge1,ʂwai̯˥˩ kwo˥,ʂwai̯˥˩ kɤ˥,前台帅锅服务不错！,前台帅哥服务不错！,1,"[""358""]",帅锅 -> 帅哥,train
codedlang:608:01,Crowd-AI-Lab/CodedLang,608,gan,gan,gan,gan,干,干,gan,kan,kan,kan,kan,否,[],official_dictionary_casefold,语音替代,"non_lexical_homophone, phonetic",gan,gan4,kan,ka˥˩n,不爱干服务员就别干啊，跟欠gan一样，小标子曼。sb,不爱干服务员就别干啊，跟欠干一样，小婊子们。傻逼,1,"[""608""]",gan -> 干,train
codedlang:749:01,Crowd-AI-Lab/CodedLang,749,幸胡,幸胡,幸胡,xing hu,幸福,幸福,xing fu,ɕiŋ xu,ɕiŋ xu,ɕiŋ fu,ɕiŋ fu,否,[],official_dictionary_casefold,非词汇同音词,"non_lexical_homophone, phonetic",xing4 hu2,xing4 fu2,ɕi˥˩ŋ xu˧˥,ɕi˥˩ŋ fu˧˥,这里牛排的口味偏国内，不用跑国内也能吃到！！幸胡shi了😝😝,这里牛排的口味偏国内，不用跑国内也能吃到！！幸福死了😝😝,1,"[""749""]",幸胡 -> 幸福,train
codedlang:72:01,Crowd-AI-Lab/CodedLang,72,开森,开森,开森,kai sen,开心,开心,kai xin,kʰai sən,kʰai sən,kʰai ɕin,kʰai ɕin,否,[],official_dictionary_casefold,非词汇同音词,non_lexical_homophone,kai1 sen1,kai1 xin1,kʰai̯˥ sə˥n,kʰai̯˥ ɕi˥n,开森,开心,4,"[""72"", ""221"", ""307"", ""473""]",开森 -> 开心,train
codedlang:53:01,Crowd-AI-Lab/CodedLang,53,墙裂,墙裂,墙裂,qiang lie,强烈,强烈,qiang lie,tɕʰiɑŋ liɛ,tɕʰiɑŋ liɛ,tɕʰiɑŋ liɛ,tɕʰiɑŋ liɛ,否,[],official_dictionary_casefold,歧义同音词,ambiguous_homophone,qiang2 lie4,qiang2 lie4,tɕʰja˧˥ŋ lje˥˩,tɕʰja˧˥ŋ lje˥˩,超级好吃！！！！！！墙裂推荐，还有lady  M的抹茶千层，芝加哥也还有一家 但是每次排队都要排很久，这家我们提前订了，直接去就吃了。,超级好吃！！！！！！强烈推荐，还有lady  M的抹茶千层，芝加哥也还有一家 但是每吃排队都要排很久，这家我们提前订了，直接去就吃了。,28,"[""53"", ""73"", ""84"", ""93"", ""96"", ""104"", ""109"", ""112"", ""113"", ""131"", ""175"", ""195"", ""211"", ""212"", ""215"", ""246"", ""312"", ""323"", ""325"", ""333"", ""345"", ""372"", ""391"", ""411"", ""412"", ""437"", ""468"", ""476""]",墙裂 -> 强烈,train
codedlang:196:01,Crowd-AI-Lab/CodedLang,196,hen,hen,hen,hen,很,很,hen,xən,xən,xən,xən,否,[],official_dictionary_casefold,语音替代,phonetic,hen,hen3,xən,xə˧˩˧n,我覺得這間店不錯，特別是他的雞柳hen好ㄘ，根本不像其他美國人吃得乾雞柳。我個人是很愛吃辣，所以對於這裡個菜色都還蠻愛的。 這裡尖峰時間停車有點不方便，也不能預約只能排隊等，所以能晚一點點來會比較好。也建議大概最多四個人，不然會排很久才會有大桌子，兩個人的話就會快很多但是難點菜，所以四個人是個不錯的人數。,我覺得這間店不錯，特別是他的雞柳很好吃，根本不像其他美國人吃得乾雞柳。我個人是很愛吃啦，所以對於這裡個菜色都還蠻愛的。 這裡尖峰時間停車有點不方便，也不能預約只能排隊等，所以能晚一點點來會比較好。也建議大概最多四個人，不然會排很久才會有大桌子，兩個人的話就會快很多但是難點菜，所以四個人是個不錯的人數。,1,"[""196""]",hen -> 很,train
codedlang:132:01,Crowd-AI-Lab/CodedLang,132,赶脚,赶脚,赶脚,gan jiao,感觉,感觉,gan jue,kan tɕiɑʊ,kan tɕiɑʊ,kan tɕyɛ,kan tɕyɛ,否,[],official_dictionary_casefold,非词汇同音词,non_lexical_homophone,gan3 jiao3,gan3 jue2,ka˧˩˧n tɕjau̯˧˩˧,ka˧˩˧n tɕɥe˧˥,感谢色色团队的每一个员工、服务团超级给力。摄影技术一流，造型完美、服务周到。体验感超级棒！👍 说一下总体感受， 摄影师小智很有经验，拍照氛围很轻松、感觉到位，很专业赶脚。 化妆师Chloe 温柔细心、服务周到。Jen和红姐的服务态度非常好，很有耐心。很棒的团队、推荐。,感谢色色团队的每一个员工、服务团超级给力。摄影技术一流，造型完美、服务周到。体验感超级棒！👍 说一下总体感受， 摄影师小智很有经验，拍照氛围很轻松、感觉到位，很专业感觉。 化妆师Chloe 温柔细心、服务周到。Jen和红姐的服务态度非常好，很有耐心。很棒的团队、推荐。,8,"[""132"", ""150"", ""189"", ""243"", ""365"", ""458"", ""459"", ""507""]",赶脚 -> 感觉,train
codedlang:888:01,Crowd-AI-Lab/CodedLang,888,懵B,懵B,懵B,meng B,懵逼,懵逼,meng bi,mɤŋ bˈiː,mɤŋ bˈiː,mɤŋ pi,mɤŋ pi,否,[],official_dictionary_casefold,语音替代,phonetic,meng3 B,meng3 bi1,mə˧˩˧ŋ pi˥,mə˧˩˧ŋ pi˥,总体来说，服务员不够专业，不会介绍菜单，第一次进去一脸懵B！我们2个大人到着2个6，7岁的小孩，点了一个4人套餐$188，小孩吃得小，我们还刻意问的服务员会不会吃不完，她说应该不会！实际是我们把那套餐吃完的时候肚子好像没吃什么一样！金鸡汤$22块真的不值得那价钱，反而$9块钱的麻辣牛肉汤还不错！A5肥牛口感不错，酒味很淡，那前妻喝2口之后就像喝没有糖的雪碧！old fashion 入口特甜，比在 Mott 32 的$3.5 差太多了，百香果千层蛋糕不错！,总体来说，服务员不够专业，不会介绍菜单，第一吃进去一脸懵逼！我们2个大人到着2个厉害，7岁的小孩，点了一个4人套餐$1不不，小孩吃得小，我们还刻意问的服务员会不会吃不完，她说应该不会！实际是我们把那套餐吃完的时候肚子好像没吃什么一样！金鸡汤$22块真的不值得那价钱，反而$9块钱的麻啦牛肉汤还不错！A5肥牛口感不错，酒味很淡，那前妻喝2口之后就像喝没有糖的雪碧！old fa屎on 入口特甜，比在 Mott 32 的$3.5 差太多了，百香果千层蛋糕不错！,1,"[""888""]",懵B -> 懵逼,train
codedlang:832:02,Crowd-AI-Lab/CodedLang,832,偶,偶,偶,ou,我,我,wo,oʊ,oʊ,uɔ,uɔ,否,[],official_dictionary_casefold,歧义同音词,"ambiguous_homophone, non_lexical_homophone",ou3,wo3,ou̯˧˩˧,wo˧˩˧,美好滴住宿經驗～ 1.早餐滴女服務生很熱情 發現偶不會用鬆餅機 主動過來教學 在她熱情滴推薦下 也試了加料滴熱燕麥粥  2.通常吃到飽滴早餐是不能外帶滴 但在這兒有例外 咖啡喝到飽還可外帶 而且還有低咖啡因可供選擇  3.房間內滴景觀就非常好 拉開床簾直接可以看到Glen Dam 如果房間看不到也沒關係 吃早餐或是接待大廳 有的是機會  4.待一晚嚐了櫃檯推薦滴二家餐廳 各有特色及美味  5.床很好睡 房內有多幅羚羊峽谷滴攝影作品 真滴很美  6.蓮蓬頭滴水柱很強 可惜是固定式的 這與偶們平時使用相比沒那麼順手 但淋浴間限水坡度明顯 就算水柱強也不用擔心積水問題  7.停車格不多 偶們比較晚入住發現大家都靠創意停車 所以別忘了要給櫃檯正確滴車陪號碼 以免被誤認為外車,美好的住宿經驗～ 1.早餐的女服務生很熱情 發現我不會用鬆餅機 主動過來教學 在她熱情的推薦下 也試了加料的熱燕麥粥  2.通常吃到飽的早餐是不能外帶的 但在這兒有例外 咖啡喝到飽還可外帶 而且還有低咖啡因可供選擇  3.房間內的景觀就非常好 拉開床簾直接可以看到Glen 啲am 如果房間看不到也沒關係 吃早餐或是接待大廳 有的是機會  4.待一晚嚐了櫃檯推薦的二家餐廳 各有特色及美味  5.床很好睡 房內有多幅羚羊峽谷的攝影作品 真的很美  厉害.蓮蓬頭的水柱很強 可惜是固定式的 這與我們平時使用相比沒那麼順手 但淋浴間限水坡度明顯 就算水柱強也不用擔心積水問題  7.停車格不多 我們比較晚入住發現大家都靠創意停車 所以別忘了要給櫃檯正確的車陪號碼 以免被誤認為外車,1,"[""832""]",偶 -> 我,train
codedlang:622:02,Crowd-AI-Lab/CodedLang,622,偶們,偶們,偶們,ou men,我們,我們,wo men,oʊ mən,oʊ mən,uɔ mən,uɔ mən,否,[],official_dictionary_casefold,非词汇同音词,"ambiguous_homophone, non_lexical_homophone",ou3 men,wo3 men,ou̯˧˩˧ mən,wo˧˩˧ mən,遇到說中文滴店員 總算搞定網路了(耶)  其實偶們前一晚就來過 不過店家打烊時間較隔壁早 所以有需求真滴還是要趁早挖,遇到說中文的店員 總算搞定網路了(耶)  其實我們前一晚就來過 不過店家打烊時間較隔壁早 所以有需求真的還是要趁早哇,7,"[""622"", ""641"", ""827"", ""832"", ""833"", ""845"", ""876""]",偶們 -> 我們,train
codedlang:205:06,Crowd-AI-Lab/CodedLang,205,我就去年买了块表,我就去年买了块表,我就去年买了块表,wo jiu qu nian mai le kuai biao,我就去你妈了个逼,我就去你妈了个逼,wo jiu qu ni ma le ge bi,uɔ tɕiou tɕʰy niɛn mai lɤ kʰuai piɑʊ,uɔ tɕiou tɕʰy niɛn mai lɤ kʰuai piɑʊ,uɔ tɕiou tɕʰy ni ma lɤ kɤ pi,uɔ tɕiou tɕʰy ni ma lɤ kɤ pi,否,[],official_dictionary_casefold,歧义同音词,"ambiguous_homophone, non_lexical_homophone, orthographic, phonetic",wo3 jiu4 qu4 nian2 mai3 le kuai4 biao3,wo3 jiu4 qu4 ni3 ma1 le ge4 bi1,wo˧˩˧ tɕjou̯˥˩ tɕʰy˥˩ njɛ˧˥n mai̯˧˩˧ lɤ kʰwai̯˥˩ pjau̯˧˩˧,wo˧˩˧ tɕjou̯˥˩ tɕʰy˥˩ ni˧˩˧ ma˥ lɤ kɤ˥˩ pi˥,里面有个岁数一看就尼玛中年油腻男还当服务员，真给你玛长脸了，SB我就去年买了块表的，镇jb想弄你这个biang艹的。,里面有个岁数一看就你妈中年油腻男还当服务员，真给你妈长脸了，SB我就去你妈了个逼的，真鸡巴想弄你这个逼iang草的。,1,"[""205""]",我就去年买了块表 -> 我就去你妈了个逼,train
codedlang:859:01,Crowd-AI-Lab/CodedLang,859,卧怂,卧怂,卧怂,wo song,我怂,我怂,wo song,uɔ sʊŋ,uɔ sʊŋ,uɔ sʊŋ,uɔ sʊŋ,否,[],official_dictionary_casefold,非词汇同音词,"ambiguous_homophone, non_lexical_homophone",wo4 song3,wo3 song3,wo˥˩ sʊ˧˩˧ŋ,wo˧˩˧ sʊ˧˩˧ŋ,卧怂美滴狠！,我怂美的狠！,1,"[""859""]",卧怂 -> 我怂,train
codedlang:895:01,Crowd-AI-Lab/CodedLang,895,我擦,我擦,我擦,wo ca,我操,我操,wo cao,uɔ tsʰa,uɔ tsʰa,uɔ tsʰɑʊ,uɔ tsʰɑʊ,否,[],official_dictionary_casefold,非词汇同音词,ambiguous_homophone,wo3 ca1,wo3 cao1,wo˧˩˧ tsʰa˥,wo˧˩˧ tsʰau̯˥,"2补充评论: 店家撒谎，我就是店里吃的，吃不完打包回来的。而且不会再去了。

1补充评论: 打包的饭菜今天吃的时候发现，我擦有虫子在里面，回锅肉。

这是一家平衡了中外味道的国际川菜餐厅，菜品味道ok，有点咸，咸的食物谁都能做。如果你是追求接近川菜口味的食客，最好另择他处，如果你是想让孩子或朋友试试中国菜的味道，可以试试。!!!千万别点担担面，不是那玩意儿。","2补充评论: 店家撒谎，我就是店里吃的，吃不完打包回来的。而且不会再去了。

1补充评论: 打包的饭菜今天吃的时候发现，我操有虫子在里面，回锅肉。

这是一家平衡了中外味道的国际川菜餐厅，菜品味道ok，有点咸，咸的食物谁都能做。如果你是追求接近川菜口味的食客，最好另择他处，如果你是想让孩子或朋友试试中国菜的味道，可以试试。!!!千万别点担担面，不是那玩意儿。",2,"[""895"", ""898""]",我擦 -> 我操,train
codedlang:646:01,Crowd-AI-Lab/CodedLang,646,wcnm,wcnm,wcnm,wcnm,我操你妈,我操你妈,wo cao ni ma,dˌʌbəljˌuːsˌiːˌɛnˈɛm,dˌʌbəljˌuːsˌiːˌɛnˈɛm,uɔ tsʰɑʊ ni ma,uɔ tsʰɑʊ ni ma,否,[],official_dictionary_casefold,语音替代,phonetic,wcnm,wo3 cao1 ni3 ma1,ˈdəbəɫju ˈsi ˈɛn ˈɛm,wo˧˩˧ tsʰau̯˥ ni˧˩˧ ma˥,west village wcnm听见了没 wcnm! 我每个月交32刀不是让你在final week给我断网的好吧,west village 我操你妈听见了没 我操你妈! 我每个月交32刀不是让你在final week给我断网的好吧,1,"[""646""]",wcnm -> 我操你妈,train
codedlang:645:01,Crowd-AI-Lab/CodedLang,645,wrnmmp,wrnmmp,wrnmmp,wrnmmp,我日你妈卖批,我日你妈卖批,wo ri ni ma mai pi,dˌʌbəljˌuːˌɑːɹˈɛnˌɛmˌɛmpˈiː,dˌʌbəljˌuːˌɑːɹˈɛnˌɛmˌɛmpˈiː,uɔ ɻɻ̩ ni ma mai pʰi,uɔ ɻɻ̩ ni ma mai pʰi,否,[],official_dictionary_casefold,语音替代,phonetic,wrnmmp,wo3 ri4 ni3 ma1 mai4 pi1,ˈdəbəɫju ˈɑɹ ˈɛn ˈɛm ˈɛm ˈpi,wo˧˩˧ ɻɻ̩˥˩ ni˧˩˧ ma˥ mai̯˥˩ pʰi˥,服务差的一逼 经理不服务 经理干嘛的？？一堆人在地下晃悠来晃悠去 嘻嘻哈哈 客人等了一下午 最后服务5分钟 还没解决问题 说要不您下次再来 wrnmmp  也就是和谐社会救了你们,服务差的一逼 经理不服务 经理干嘛的？？一堆人在地下晃悠来晃悠去 嘻嘻哈哈 客人等了一下午 最后服务5分钟 还没解决问题 说要不您下吃再来 我日你妈卖批  也就是和谐社会救了你们,1,"[""645""]",wrnmmp -> 我日你妈卖批,train
codedlang:896:01,Crowd-AI-Lab/CodedLang,896,抠jio,抠jio,抠jio,kou jio,抠脚,抠脚,kou jiao,kʰoʊ tɕiɔ,kʰoʊ tɕiɔ,kʰoʊ tɕiɑʊ,kʰoʊ tɕiɑʊ,否,[],official_dictionary_casefold,语音替代,phonetic,kou1 jio,kou1 jiao3,kʰóʊ̯.t͡ɕi.ɔ,kʰóʊ̯.t͡ɕjɑ̀ʊ̯,"casa enrique
mexican cuisine
俺家墨西哥裔的chef m的最爱

他家的各色taco确实好吃，玉米饼柔韧热乎，自带一种tortilla独有的清香。自制的三种table sauce也都别有风味，server说的太快环境太吵我真的记不住名字，第一种足够辣，第二个是偏烟熏的甜辣，第三个应该是tomatillo salsa verde，也有一种淡淡的烟熏味。ceviche本身没有很出彩，但是配的大的烘烤tortilla真的巨香，我配着sauce全吃完了。可能也是饿了一天所以觉得appetizer分量都不大。

主菜是lamb shank，分量很大，胃口小的建议两个人share

甜品吃了用三种奶做的tres leches，server推荐的，味道本身还马马虎虎，特地点了horchata来喝，一种用油莎草，大米和其他谷物做成的历史悠久的饮料，非常特别，有一种谷物的淡淡甜香和充满口腔的根茎类植物独有的粉感，有点像葛粉，还不错。

服务不错，至少满座的情况下我一个半小时内能吃完三个course，server很nice，气氛比较casual，隔壁桌的大妹子后期一直偷偷在桌子底下在抠jio，为他们桌的卫生状况担忧。

总体来说还可以，就是位子很难定，因为离家近所以大概会带着娘再来一次吧。","casa enrique
mexican cuisine
俺家墨西哥裔的chef m的最爱

他家的各色taco确实好吃，玉米饼柔韧热乎，自带一种tortilla独有的清香。自制的三种ta逼le sauce也都别有风味，server说的太快环境太吵我真的记不住名字，第一种足够啦，第二个是偏烟熏的甜啦，第三个应该是tomatillo salsa verde，也有一种淡淡的烟熏味。ceviche本身没有很出彩，但是配的大的烘烤tortilla真的巨香，我配着sauce全吃完了。可能也是饿了一天所以觉得appetizer分量都不大。

主菜是lam逼 shank，分量很大，胃口小的建议两个人share

甜品吃了用三种奶做的tres leches，server推荐的，味道本身还马马虎虎，特地点了horchata来喝，一种用油莎草，大米和其他谷物做成的历史悠久的饮料，非常特别，有一种谷物的淡淡甜香和充满口腔的根茎类植物独有的粉感，有点像葛粉，还不错。

服务不错，至少满座的情况下我一个半小时内能吃完三个course，server很nice，气氛比较casual，隔壁桌的大妹子后期一直偷偷在桌子底下在抠脚，为他们桌的卫生状况担忧。

总体来说还可以，就是位子很难定，因为离家近所以大概会带着娘再来一吃吧。",1,"[""896""]",抠jio -> 抠脚,train
codedlang:341:03,Crowd-AI-Lab/CodedLang,341,抠b,抠b,抠b,kou b,抠逼,抠逼,kou bi,kʰoʊ bˈiː,kʰoʊ bˈiː,kʰoʊ pi,kʰoʊ pi,否,[],official_dictionary_casefold,语音替代,non_lexical_homophone,kou1 b,kou1 bi1,kʰou̯˥i pi˥,kʰou̯˥ pi˥,越来越糟 盲目扩张之典范。结果就是：面不是那个面了，馅儿不是那个馅儿了，皮也特么不是那个皮了（特色煎包现在什么几把玩意）。我听说现在店员厨师统统因为rediculous的低薪而跳走，作坊小店的抠b管理思维终归搞不来野心的连锁店。,越来越糟 盲目扩张之典范。结果就是：面不是那个面了，馅儿不是那个馅儿了，皮也他妈不是那个皮了（特色煎包现在什么鸡巴玩意）。我听说现在店员厨师统统因为rediculous的低薪而跳走，作坊小店的抠逼管理思维终归搞不来野心的连锁店。,1,"[""341""]",抠b -> 抠逼,train
codedlang:886:01,Crowd-AI-Lab/CodedLang,886,捞B,捞B,捞B,lao B,捞逼,捞逼,lao bi,lɑʊ bˈiː,lɑʊ bˈiː,lɑʊ pi,lɑʊ pi,否,[],official_dictionary_casefold,语音替代,phonetic,lao1 B,lao1 bi1,lau̯˥ pi˥,lau̯˥ pi˥,Worst apartment ever. Stupid speed bumps. 垃圾小区 拖住户的车 小偷多 减速带又高又多又恶心  小区物业不管事 天天罚款 捞B,Worst apar他妈ent ever. Stupid speed 逼umps. 垃圾小区 拖住户的车 小偷多 减速带又高又多又恶心  小区物业不管事 天天罚款 捞逼,1,"[""886""]",捞B -> 捞逼,train
codedlang:729:03,Crowd-AI-Lab/CodedLang,729,cao,cao,cao,cao,操,操,cao,tsʰɑʊ,tsʰɑʊ,tsʰɑʊ,tsʰɑʊ,否,[],official_dictionary_casefold,语音替代,phonetic,cao,cao1,tsʰau̯,tsʰau̯˥,"慕名而来 我老公吃完：""diao玩意儿真tm难吃，cao！"" 价格偏高 真要吃的话 吃自助吧","慕名而来 我老公吃完：""屌玩意儿真他妈难吃，操！"" 价格偏高 真要吃的话 吃自助吧",1,"[""729""]",cao -> 操,train
codedlang:880:01,Crowd-AI-Lab/CodedLang,880,ctm,ctm,ctm,ctm,操他妈,操他妈,cao ta ma,sˌiːtˌiːˈɛm,sˌiːtˌiːˈɛm,tsʰɑʊ tʰa ma,tsʰɑʊ tʰa ma,否,[],official_dictionary_casefold,语音替代,phonetic,ctm,cao1 ta1 ma1,ˈsi ˈti ˈɛm,tsʰau̯˥ tʰa˥ ma˥,ctm卸货太慢了 几个板卸了好几个小时,操他妈卸货太慢了 几个板卸了好几个小时,1,"[""880""]",ctm -> 操他妈,train
codedlang:805:01,Crowd-AI-Lab/CodedLang,805,cnm,cnm,cnm,cnm,操你妈,操你妈,cao ni ma,sˌiːˌɛnˈɛm,sˌiːˌɛnˈɛm,tsʰɑʊ ni ma,tsʰɑʊ ni ma,否,[],official_dictionary_casefold,语音替代,phonetic,cnm,cao1 ni3 ma1,ˈsi ˈɛn ˈɛm,tsʰau̯˥ ni˧˩˧ ma˥,真的很垃圾 嗨不起来 小偷很多 钱包被偷了 保安也不管 ！ 歧视我们亚洲人 cnm ！,真的很垃圾 嗨不起来 小偷很多 钱包被偷了 保安也不管 ！ 歧视我们亚洲人 操你妈 ！,2,"[""805"", ""806""]",cnm -> 操你妈,train
codedlang:129:01,Crowd-AI-Lab/CodedLang,129,草泥马,草泥马,草泥马,cao ni ma,操你妈,操你妈,cao ni ma,tsʰɑʊ ni ma,tsʰɑʊ ni ma,tsʰɑʊ ni ma,tsʰɑʊ ni ma,否,[],official_dictionary_casefold,歧义同音词,ambiguous_homophone,cao3 ni2 ma3,cao1 ni3 ma1,tsʰau̯˧˩˧ ni˧˥ ma˧˩˧,tsʰau̯˥ ni˧˩˧ ma˥,本来想去医院拔智齿，给我来一顿操作，量了个血压，带上手套摸了一下我智齿，收费我250刀。真是草泥马了。煞笔美国医疗。傻煞笔医院。,本来想去医院拔智齿，给我来一顿操作，量了个血压，带上手套摸了一下我智齿，收费我250刀。真是操你妈了。傻逼美国医疗。傻傻逼医院。,15,"[""129"", ""157"", ""168"", ""198"", ""240"", ""245"", ""352"", ""384"", ""385"", ""394"", ""429"", ""431"", ""432"", ""440"", ""467""]",草泥马 -> 操你妈,train
codedlang:483:02,Crowd-AI-Lab/CodedLang,483,Cnmm,Cnmm,Cnmm,Cnmm,操你妈妈,操你妈妈,cao ni ma ma,sˌiːˌɛnˌɛmˈɛm,sˌiːˌɛnˌɛmˈɛm,tsʰɑʊ ni ma ma,tsʰɑʊ ni ma ma,否,[],official_dictionary_casefold,语音替代,"ambiguous_homophone, phonetic",Cnmm,cao1 ni3 ma1 ma1,ˈsi ˈɛn ˈɛm ˈɛm,tsʰau̯˥ ni˧˩˧ ma˥ ma˥,我在这儿住了两年 这个地方是的沾点 物业和office所有人加起来凑不齐一个妈 刚来的时候你就跟他们爹一样 现在我moveout了 我成了尼玛币孙子了 押金您交了 就甭想再要回来了 Cnmm,我在这儿住了两年 这个地方是的沾点 物业和office所有人加起来凑不齐一个妈 刚来的时候你就跟他们爹一样 现在我moveout了 我成了你妈逼孙子了 押金您交了 就甭想再要回来了 操你妈妈,1,"[""483""]",Cnmm -> 操你妈妈,train
codedlang:47:01,Crowd-AI-Lab/CodedLang,47,盆友,盆友,盆友,pen you,朋友,朋友,peng you,pʰən iou,pʰən iou,pʰɤŋ iou,pʰɤŋ iou,否,[],official_dictionary_casefold,非词汇同音词,non_lexical_homophone,pen2 you3,peng2 you3,pʰə˧˥n jou̯˧˩˧,pʰə˧˥ŋ jou̯˧˩˧,这家餐厅真的很不错 我和盆友点了必点的龙虾和雪蟹 很新鲜 超好吃.  龙虾做的真的很好！！！,这家餐厅真的很不错 我和朋友点了必点的龙虾和雪蟹 很新鲜 超好吃.  龙虾做的真的很好！！！,17,"[""47"", ""58"", ""63"", ""66"", ""80"", ""152"", ""154"", ""172"", ""229"", ""247"", ""251"", ""344"", ""355"", ""388"", ""448"", ""497"", ""522""]",盆友 -> 朋友,train
codedlang:749:02,Crowd-AI-Lab/CodedLang,749,shi了,shi了,shi了,shi le,死了,死了,si le,ʂɻ̩ lɤ,ʂɻ̩ lɤ,sɹ̩ lɤ,sɹ̩ lɤ,否,[],official_dictionary_casefold,语音替代,"non_lexical_homophone, phonetic",shi le,si3 le,ʂɻ̩ lɤ,sɹ̩˧˩˧ lɤ,这里牛排的口味偏国内，不用跑国内也能吃到！！幸胡shi了😝😝,这里牛排的口味偏国内，不用跑国内也能吃到！！幸福死了😝😝,1,"[""749""]",shi了 -> 死了,train
codedlang:124:01,Crowd-AI-Lab/CodedLang,124,笔芯,笔芯,笔芯,bi xin,比心,比心,bi xin,pi ɕin,pi ɕin,pi ɕin,pi ɕin,否,[],official_dictionary_casefold,歧义同音词,ambiguous_homophone,bi3 xin1,bi3 xin1,pi˧˩˧ ɕi˥n,pi˧˩˧ ɕi˥n,"用李佳琪的口气来一句""OMG，这也太好吃了吧！！"" 休斯敦最好吃的烤鸭店，好吃的不止烤鸭(●—●) 拌面也好吃，红烧肉也好吃，份量还超级大。老板你要不要这么实在🤣 笔芯！","用李佳琪的口气来一句""OMG，这也太好吃了吧！！"" 休斯敦最好吃的烤鸭店，好吃的不止烤鸭(●—●) 拌面也好吃，红烧肉也好吃，份量还超级大。老板你要不要这么实在🤣 比心！",2,"[""124"", ""456""]",笔芯 -> 比心,train
codedlang:758:02,Crowd-AI-Lab/CodedLang,758,ball ball,ball ball,ball ball,ball ball,求求,求求,qiu qiu,bˈɔːl bˈɔːl,bˈɔːl bˈɔːl,tɕʰiou tɕʰiou,tɕʰiou tɕʰiou,否,[],official_dictionary_casefold,跨语言语音编码,"phonetic, transliteration",qiu2 qiu2,qiu2 qiu2,tɕʰjou̯˧˥ tɕʰjou̯˧˥,tɕʰjou̯˧˥ tɕʰjou̯˧˥,真jb难吃 简直就是泔水 一点也不夸张 店里是没盐了嘛 这水平就别来丢中国人的脸了行吗 ball ball您老板全家,真鸡巴难吃 简直就是泔水 一点也不夸张 店里是没盐了嘛 这水平就别来丢中国人的脸了行吗 求求您老板全家,1,"[""758""]",ball ball -> 求求,train
codedlang:64:01,Crowd-AI-Lab/CodedLang,64,木有,木有,木有,mu you,没有,没有,mei you,mu iou,mu iou,mei iou,mei iou,否,[],official_dictionary_casefold,非词汇同音词,non_lexical_homophone,mu4 you3,mei2 you3,mu˥˩ jou̯˧˩˧,mei̯˧˥ jou̯˧˩˧,吃完擦擦手抹抹嘴，我来汇报啦。Bubba Gump Shrimp 阿甘虾餐厅，第一次听说是在“晓松说”，第一次长草是在做攻略的时候，算得上是慕名而去。环境那是没话说，墙上的装饰、菜单上经典台词和乒乓板式样的酒单，分分钟钟让你回忆起经典电影《阿甘正传》Forrest Gump 。再说说服务员，都是年轻的美女帅哥，为我们服务的高大帅哥非常帅气和有趣，还帮我们安排在最好的靠窗位置。最后也是最重要的当然是食物——5夏威夷沙拉，桃子草莓鸡肉的组合再加上各种坚果和蔬菜，相当可口清爽。6虾的天堂，用薯条做底➕各种不同的炸虾，配三种口味的酱料，最好吃的外面有椰丝的那种。7手抓蒜味虾，应该是店里的照片，越吃越好吃，根本停不下来（曲调请自行脑补[呲牙]）清蒸螃蟹和各种贝类，一个字鲜，不仅里面的内容全部吃完，而且配着饭就着面包把桶底的汤汁也全部吃掉了[偷笑][偷笑]都说美国木有好吃的，我们咋就不觉得呢[憨笑][憨笑][憨笑],吃完擦擦手抹抹嘴，我来汇报啦。Bu逼逼a Gump Shrimp 阿甘虾餐厅，第一吃听说是在“晓松说”，第一吃长草是在做攻略的时候，算得上是慕名而去。环境那是没话说，墙上的装饰、菜单上经典台词和乒乓板式样的酒单，分分钟钟让你回忆起经典电影《阿甘正传》Forrest Gump 。再说说服务员，都是年轻的美女帅哥，为我们服务的高大帅哥非常帅气和有趣，还帮我们安排在最好的靠窗位置。最后也是最重要的当然是食物——5夏威夷沙拉，桃子草莓鸡肉的组合再加上各种坚果和蔬菜，相当可口清爽。厉害虾的天堂，用薯条做底➕各种不同的炸虾，配三种口味的酱料，最好吃的外面有椰丝的那种。7手抓蒜味虾，应该是店里的照片，越吃越好吃，根本停不下来（曲调请自行脑补[呲牙]）清蒸螃蟹和各种贝类，一个字鲜，不仅里面的内容全部吃完，而且配着饭就着面包把桶底的汤汁也全部吃掉了[偷笑][偷笑]都说美国没有好吃的，我们咋就不觉得呢[憨笑][憨笑][憨笑],21,"[""64"", ""182"", ""199"", ""219"", ""222"", ""226"", ""241"", ""267"", ""268"", ""330"", ""353"", ""386"", ""402"", ""436"", ""443"", ""463"", ""471"", ""484"", ""493"", ""503"", ""532""]",木有 -> 没有,train
codedlang:193:03,Crowd-AI-Lab/CodedLang,193,美见过,美见过,美见过,mei jian guo,没见过,没见过,mei jian guo,mei tɕiɛn kuɔ,mei tɕiɛn kuɔ,mei tɕiɛn kuɔ,mei tɕiɛn kuɔ,否,[],official_dictionary_casefold,非词汇同音词,"non_lexical_homophone, phonetic",mei3 jian4 guo4,mei2 jian4 guo4,mei̯˧˩˧ tɕjɛ˥˩n kwo˥˩,mei̯˧˥ tɕjɛ˥˩n kwo˥˩,"NMSL,点了个外卖，真尼玛难吃，美见过能把面做得这么难吃的餐厅，你们家厨师是用脚做的菜？？？🤮","你妈死了,点了个外卖，真你妈难吃，没见过能把面做得这么难吃的餐厅，你们家厨师是用脚做的菜？？？🤮",1,"[""193""]",美见过 -> 没见过,train
codedlang:875:01,Crowd-AI-Lab/CodedLang,875,落膻鸡,落膻鸡,落膻鸡,luo shan ji,洛杉矶,洛杉矶,luo shan ji,luɔ ʂan tɕi,luɔ ʂan tɕi,luɔ ʂan tɕi,luɔ ʂan tɕi,否,[],official_dictionary_casefold,非词汇同音词,"ambiguous_homophone, non_lexical_homophone",luo4 shan1 ji1,luo4 shan1 ji1,lwo˥˩ ʂa˥n tɕi˥,lwo˥˩ ʂa˥n tɕi˥,落膻鸡ins网红打卡点儿 你要是有个爱美的妹子或是好奇感十足，就去。 会有很多日本，韩国妹子also。 有人拍照药记得插袋。 车就街pa，投币的。 相机镜头最好是50mm定焦，距离刚刚好。 这附近离潮牌一条街也不远，离the Grove也不远。去哪哪儿都方便。,洛杉矶ins网红打卡点儿 你要是有个爱美的妹子或是好奇感十足，就去。 会有很多日本，韩国妹子also。 有人拍照要记得插袋。 车就街pa，投币的。 相机镜头最好是50妹妹定焦，距离刚刚好。 这附近离潮牌一条街也不远，离the Grove也不远。去哪哪儿都方便。,2,"[""875"", ""878""]",落膻鸡 -> 洛杉矶,train
codedlang:62:01,Crowd-AI-Lab/CodedLang,62,涨姿势,涨姿势,涨姿势,zhang zi shi,涨知识,涨知识,zhang zhi shi,ʈʂɑŋ tsɹ̩ ʂɻ̩,ʈʂɑŋ tsɹ̩ ʂɻ̩,ʈʂɑŋ ʈʂɻ̩ ʂɻ̩,ʈʂɑŋ ʈʂɻ̩ ʂɻ̩,否,[],official_dictionary_casefold,非词汇同音词,non_lexical_homophone,zhang3 zi1 shi4,zhang3 zhi1 shi2,ʈʂa˧˩˧ŋ tsɹ̩˥ ʂɻ̩˥˩,ʈʂa˧˩˧ŋ ʈʂɻ̩˥ ʂɻ̩˧˥,"多乐种植园（Dole Plantation）位于欧胡岛中部的瓦希阿瓦（Wahiawa),算是前店后厂和农家乐的代表😄。我想很多人应该还是知道多乐（Dole）这家公司，它家出售的果汁、水果我们都应该比较熟悉。多乐（Dole）公司1851年成立于夏威夷，现在已经是世界上最大的、品质最好的新鲜水果、蔬菜的生产、销售跨国集团之一。菠萝在夏威夷的经济史有浓墨重彩的一笔，时至今日菠萝对夏威夷的经济还是有影响力。这里除了可以坐小火车进入种植园参观菠萝和其它农作物外，还有很大一间购物店，出售各种与菠萝相关的商品，琳琅满目。如果你不怕酸的话，店里的菠萝冰淇淋可以值得尝一下。旁边还有一个世界上最大的迷宫，有约2.5公里长，由14000多颗植物构成。购物店旁边也有一小片菠萝地，种植了五颜六色各种品种的菠萝供游客欣赏。还有别错过了池塘里的锦鲤和旁边漂亮的彩虹桉树。带孩子亲子游的千万不要错过了多乐种植园，我想小朋友们一定会喜欢这里的。大人也顺便涨涨姿势吧，菠萝可不是长在树上的。","多乐种植园（啲ole Plantation）位于欧胡岛中部的瓦希阿瓦（Wahiawa),算是前店后厂和农家乐的代表😄。我想很多人应该还是知道多乐（啲ole）这家公司，它家出售的果汁、水果我们都应该比较熟悉。多乐（啲ole）公司1不51年成立于夏威夷，现在已经是世界上最大的、品质最好的新鲜水果、蔬菜的生产、销售跨国集团之一。菠萝在夏威夷的经济史有浓墨重彩的一笔，时至今日菠萝对夏威夷的经济还是有影响力。这里除了可以坐小火车进入种植园参观菠萝和其它农作物外，还有很大一间购物店，出售各种与菠萝相关的商品，琳琅满目。如果你不怕酸的话，店里的菠萝冰淇淋可以值得尝一下。旁边还有一个世界上最大的迷宫，有约2.5公里长，由14000多颗植物构成。购物店旁边也有一小片菠萝地，种植了五颜六色各种品种的菠萝供游客欣赏。还有别错过了池塘里的锦鲤和旁边漂亮的彩虹桉树。带孩子亲子游的千万不要错过了多乐种植园，我想小朋友们一定会喜欢这里的。大人也顺便涨涨知识吧，菠萝可不是长在树上的。",4,"[""62"", ""67"", ""101"", ""482""]",涨姿势 -> 涨知识,train
codedlang:350:01,Crowd-AI-Lab/CodedLang,350,温油,温油,温油,wen you,温柔,温柔,wen rou,uən iou,uən iou,uən ɻoʊ,uən ɻoʊ,否,[],official_dictionary_casefold,非词汇同音词,non_lexical_homophone,wen1 you2,wen1 rou2,wə˥n jou̯˧˥,wə˥n ɻou̯˧˥,给茜茜和zoey小姐姐手动好评～ 细心又温油，周末必去的地方 特别relax,给茜茜和zoey小姐姐手动好评～ 细心又温柔，周末必去的地方 特别relax,2,"[""350"", ""351""]",温油 -> 温柔,train
codedlang:200:01,Crowd-AI-Lab/CodedLang,200,滚粗,滚粗,滚粗,gun cu,滚出,滚出,gun chu,kuən tsʰu,kuən tsʰu,kuən ʈʂʰu,kuən ʈʂʰu,否,[],official_dictionary_casefold,非词汇同音词,non_lexical_homophone,gun3 cu1,gun3 chu1,kwə˧˩˧n tsʰu˥,kwə˧˩˧n ʈʂʰu˥,垃圾餐厅 服务员脸丑上菜还慢 负分滚粗吧,垃圾餐厅 服务员脸丑上菜还慢 负分滚出吧,5,"[""200"", ""213"", ""389"", ""500"", ""516""]",滚粗 -> 滚出,train
codedlang:130:01,Crowd-AI-Lab/CodedLang,130,火钳刘明,火钳刘明,火钳刘明,huo qian liu ming,火前留名,火前留名,huo qian liu ming,xuɔ tɕʰiɛn liou miŋ,xuɔ tɕʰiɛn liou miŋ,xuɔ tɕʰiɛn liou miŋ,xuɔ tɕʰiɛn liou miŋ,否,[],official_dictionary_casefold,非词汇同音词,non_lexical_homophone,huo3 qian2 liu2 ming2,huo3 qian2 liu2 ming2,xwo˧˩˧ tɕʰjɛ˧˥n ljou̯˧˥ mi˧˥ŋ,xwo˧˩˧ tɕʰjɛ˧˥n ljou̯˧˥ mi˧˥ŋ,火钳刘明，哈哈哈,火前留名，哈哈哈,1,"[""130""]",火钳刘明 -> 火前留名,train
codedlang:703:01,Crowd-AI-Lab/CodedLang,703,nb,nb,nb,nb,牛逼,牛逼,niu bi,ˌɛnbˈiː,ˌɛnbˈiː,niou pi,niou pi,否,[],official_dictionary_casefold,语音替代,phonetic,nb,niu2 bi1,ˈɛn pi˥,njou̯˧˥ pi˥,推荐牛油大辣锅，下什么都入味！另外吃了回锅肉炒饭、蛋炒饭竟然都是隔夜的饭炒的！nb！！！！！！刘一手nb！！！！！！贼鸡儿好吃！最好吃的还是免费黄桃下火锅，带劲。吃了一次还想吃！,推荐牛油大啦锅，下什么都入味！另外吃了回锅肉炒饭、蛋炒饭竟然都是隔夜的饭炒的！牛逼！！！！！！刘一手牛逼！！！！！！贼鸡儿好吃！最好吃的还是免费黄桃下火锅，带劲。吃了一吃还想吃！,4,"[""703"", ""764"", ""874"", ""884""]",nb -> 牛逼,train
codedlang:79:01,Crowd-AI-Lab/CodedLang,79,男票,男票,男票,nan piao,男朋友,男朋友,nan peng you,nan pʰiɑʊ,nan pʰiɑʊ,nan pʰɤŋ iou,nan pʰɤŋ iou,否,[],official_dictionary_casefold,非词汇同音词,non_lexical_homophone,nan2 piao4,nan2 peng2 you3,na˧˥n pʰjau̯˥˩,na˧˥n pʰə˧˥ŋ jou̯˧˩˧,我男票在他家买的炒饭，买了5次，大概有4次饭是生的。为啥坚持买了5次是因为离得近。给了5次机会。后来吃瓜发现老板娘mandylin和员工ak这么牛逼，厉害厉害，社会社会，祝可可grill早日倒闭哈哈哈哈哈，再你妈的见,我男朋友在他家买的炒饭，买了5吃，大概有4吃饭是生的。为啥坚持买了5吃是因为离得近。给了5吃机会。后来吃瓜发现老板娘mandylin和员工ak这么牛逼，厉害厉害，社会社会，祝可可grill早日倒闭哈哈哈哈哈，再你妈的见,12,"[""79"", ""119"", ""142"", ""159"", ""162"", ""238"", ""268"", ""310"", ""335"", ""342"", ""453"", ""466""]",男票 -> 男朋友,train
codedlang:166:02,Crowd-AI-Lab/CodedLang,166,ㄉ,ㄉ,ㄉ,ㄉ,的,的,de,,,tɤ,tɤ,是,"[{""type"": ""source_unresolved_symbol_or_digit""}]",official_dictionary_casefold,语音替代,phonetic,d,de,t,tɤ,它好好ㄔ，意外ㄉ美味👍,它好好吃，意外的美味👍,2,"[""166"", ""177""]",ㄉ -> 的,train
codedlang:882:01,Crowd-AI-Lab/CodedLang,882,湘当,湘当,湘当,xiang dang,相当,相当,xiang dang,ɕiɑŋ tɑŋ,ɕiɑŋ tɑŋ,ɕiɑŋ tɑŋ,ɕiɑŋ tɑŋ,否,[],official_dictionary_casefold,非词汇同音词,non_lexical_homophone,xiang1 dang1,xiang1 dang1,ɕja˥ŋ ta˥ŋ,ɕja˥ŋ ta˥ŋ,吃个最难吃的辣子鸡和田蛙啊 难搞 还湘当有料😂真是湘当难吃😂 辣鸡我说要再炸个2分钟！服务员说师傅不会帮你一个个捡起来炸？😹😹水煮鱼的鱼片也是感觉味道不入味😂鸡胗配酸头角最好吃👍但是小费还是给了$25..出来工作的都不容易…,吃个最难吃的啦子鸡和田蛙啊 难搞 还相当有料😂真是相当难吃😂 垃圾我说要再炸个2分钟！服务员说师傅不会帮你一个个捡起来炸？😹😹水煮鱼的鱼片也是感觉味道不入味😂鸡胗配酸头角最好吃👍但是小费还是给了$25..出来工作的都不容易…,1,"[""882""]",湘当 -> 相当,train
codedlang:205:07,Crowd-AI-Lab/CodedLang,205,镇,镇,镇,zhen,真,真,zhen,ʈʂən,ʈʂən,ʈʂən,ʈʂən,否,[],official_dictionary_casefold,歧义同音词,"ambiguous_homophone, non_lexical_homophone, orthographic, phonetic",zhen4,zhen1,ʈʂə˥˩n,ʈʂə˥n,里面有个岁数一看就尼玛中年油腻男还当服务员，真给你玛长脸了，SB我就去年买了块表的，镇jb想弄你这个biang艹的。,里面有个岁数一看就你妈中年油腻男还当服务员，真给你妈长脸了，SB我就去你妈了个逼的，真鸡巴想弄你这个逼iang草的。,1,"[""205""]",镇 -> 真,train
codedlang:74:01,Crowd-AI-Lab/CodedLang,74,针不戳,针不戳,针不戳,zhen bu chuo,真不错,真不错,zhen bu cuo,ʈʂən pu ʈʂʰuɔ,ʈʂən pu ʈʂʰuɔ,ʈʂən pu tsʰuɔ,ʈʂən pu tsʰuɔ,否,[],official_dictionary_casefold,非词汇同音词,non_lexical_homophone,zhen1 bu4 chuo1,zhen1 bu4 cuo4,ʈʂə˥n pu˥˩ ʈʂʰwo˥,ʈʂə˥n pu˥˩ tsʰwo˥˩,针不戳,真不错,2,"[""74"", ""94""]",针不戳 -> 真不错,train
codedlang:20:01,Crowd-AI-Lab/CodedLang,20,金厚呷,金厚呷,金厚呷,jin hou ga,真好吃,真好吃,zhen hao chi,tɕin xoʊ ka,tɕin xoʊ ka,ʈʂən xɑʊ ʈʂʰɻ̩,ʈʂən xɑʊ ʈʂʰɻ̩,否,[],official_dictionary_casefold,非词汇同音词,non_lexical_homophone,jin1 hou4 xia2,zhen1 hao3 chi1,tɕi˥n xou̯˥˩ ɕja˧˥,ʈʂə˥n xau̯˧˩˧ ʈʂʰɻ̩˥,金厚呷....,真好吃....,1,"[""20""]",金厚呷 -> 真好吃,train
codedlang:201:01,Crowd-AI-Lab/CodedLang,201,捉急,捉急,捉急,zhuo ji,着急,着急,zhao ji,ʈʂuɔ tɕi,ʈʂuɔ tɕi,ʈʂɑʊ tɕi,ʈʂɑʊ tɕi,否,[],official_dictionary_casefold,非词汇同音词,non_lexical_homophone,zhuo1 ji2,zhao2 ji2,ʈʂwo˥ tɕi˧˥,ʈʂau̯˧˥ tɕi˧˥,点的脆皮烧肉，上的是叉烧，服务员拼命辩解也不给换。菜的口味不错，但服务态度令人捉急,点的脆皮烧肉，上的是叉烧，服务员拼命辩解也不给换。菜的口味不错，但服务态度令人着急,1,"[""201""]",捉急 -> 着急,train
codedlang:893:01,Crowd-AI-Lab/CodedLang,893,蝦,蝦,蝦,xia,瞎,瞎,xia,ɕia,ɕia,ɕia,ɕia,否,[],official_dictionary_casefold,歧义同音词,ambiguous_homophone,xia1,xia1,ɕja˥,ɕja˥,真的是蝦到爆,真的是瞎到爆,1,"[""893""]",蝦 -> 瞎,train
codedlang:82:01,Crowd-AI-Lab/CodedLang,82,墨迹,墨迹,墨迹,mo ji,磨叽,磨叽,mo ji,muɔ tɕi,muɔ tɕi,muɔ tɕi,muɔ tɕi,否,[],official_dictionary_casefold,歧义同音词,ambiguous_homophone,mo4 ji4,mo2 ji1,mwo˥˩ tɕi˥˩,mwo˧˥ tɕi˥,卸货快、给卸货给卸货单太墨迹了.等2小时,卸货快、给卸货给卸货单太磨叽了.等2小时,7,"[""82"", ""108"", ""321"", ""367"", ""383"", ""410"", ""444""]",墨迹 -> 磨叽,train
codedlang:60:03,Crowd-AI-Lab/CodedLang,60,米国,米国,米国,mi guo,美国,美国,mei guo,mi kuɔ,mi kuɔ,mei kuɔ,mei kuɔ,否,[],official_dictionary_casefold,非词汇同音词,"non_lexical_homophone, phonetic",mi3 guo2,mei3 guo2,mi˧˩˧ kwo˧˥,mei̯˧˩˧ kwo˧˥,Best Chinese food in Hawaii！  对于中国人来讲，吃，应该是人生中最重要的事情了！大家见面都喜欢问：吃了吗？与吃相关的词汇更是数不胜数：吃豆腐、吃官司、吃不了兜着走、吃一堑长一智、吃里扒外...不过这些与真正的吃都没啥联系。现在中国大江南北、长城内外，各大菜系的餐厅应该都开得琳琅满目，街边小吃也数不胜数。不过从美食小吃的品种、数量、味道及受欢迎程度上来看，还是以发源于南方的美食小吃占主导，特别是来自巴蜀大地的。八大菜系里也只有鲁菜是发源于北方的。其实这也是有原因的，个人愚见：首先南方的物产肯定是比北方要丰富，其次北方历史上不是天灾就是人祸的，民众能够填饱肚子都算不错了，哪儿有那么多闲情逸致向南方人那样研究吃的啊。  对于生活在海外的很多中国人来讲，吃，应该也算是最痛苦的事情了。除了洛杉矶那些遍地地道中餐的城市以及啃汉堡面包也能度日的亲。很多中国人到了国外，可能当地的语言没有学好，但是厨艺肯定突飞猛进了。还好我在国内时，厨艺还算过意得去，来夏威夷一切也就艰苦奋斗、自力更生了，唐人街能够买到酱油、醋、豆瓣酱及其它基本的香料和调料 ，除了花椒需要从成都带来夏威夷。之前夏威夷几乎难觅到好吃的中餐，多是菜做得都不咋正宗店面装修得破破烂烂的广东餐厅为主，这些餐厅都喜欢夹杂着卖点儿厨艺还不如我的川菜等其它菜系的菜，就不好好干自己的老本行，你说这东西能做的好吃吗。美国的很多所谓的中餐还是韩国人开的，有的炒菜的厨师还tmd墨西哥人，而很多日本拉面店啥的都是中国人开的。  上前年的时候，夏威夷才开了一间环境及菜品都还不错的小肥羊火锅店，也终算是有了一间拿得出手可以给中国人长点儿脸的中餐厅了。虽然很多国内来的客人都说小肥羊在中国不好吃也都快开不下去，不过夏威夷的小肥羊生意却异常的好，基本上都需要排队。这是为何？因为现在夏威夷生活的中国人及来旅游的中国人真不少，但是拿得出手的中餐真是寥寥无几。以前都不敢带日本妹纸吃Chinese Food，味道都是其次，多数餐厅的环境太tm吓人，怕给中国人丢脸。不管在国内还是国外，很多中餐厅给人的感觉就是脏乱破，都不知道经营者是咋想的，就舍不得把环境卫生弄好一点，再看看人家日本人韩国人的餐厅就要好很多，中餐油烟大不是理由。还有夏威夷有钱的中国人也真不少，也没见有人开间环境等方面好一些的超市，中国人开的破破烂烂的超市都在破破烂烂满街流浪汉的唐人街，而很多人是几乎不会涉足这片区域的。这就是中国人及其事物给外界的一面形象！  去年夏威夷是终于开了一间菜品味道及环境卫生都很好的川菜餐厅：滋味成都。该餐厅虽然面积不大，但是菜品还是比较丰富味道也非常的地道，实属难得。川菜在日本算是属于非常受欢迎的，不过做得都太TM日式，带日本妹纸吃滋味成都，她们都觉得是她们此生吃过的最好吃的Chinese Food。滋味成都在洛杉矶算是非常出名的，生意也非常的好。以前每次去洛杉矶，一下了飞机就直接开车去店门口拍长队(⊙﹏⊙)b，理解吃货的苦衷。所以滋味成都在夏威夷一开，我就几乎没有咋在家里做饭了。每个周都会造访几次，除了自己对麻辣鲜香的需求外，更多的是带客人去改善伙食，O(∩_∩)O~ 以前遇到有的客人对我的要求是：每天玩儿都是其次，每顿要求吃中餐! 以前还确实比较难办，不过现在这个问题已经解决，有的客人在夏威夷旅游几天，几乎每天都会到滋味成都吃饭。有的人可能会说，到国外就应该吃当地的食物，坚决不会吃中餐。其实也是可以理解的，像我这种虽然在国外生活了多年的人，到了像纽约洛杉矶费城等这些大城市，我做的第一件事情肯定也是找中餐厅，特别是川菜。老外的食物除了品种少外，很多东西真是第一口好吃第二口腻第三口就想吐了，对于可以天天顿顿啃面包度日的老外，吃一顿我们觉得特难吃的美式中餐他们都已经觉得够幸福了！所以很多人的心是米国心，胃永远是中国胃！,Best Chinese food in Hawaii！  对于中国人来讲，吃，应该是人生中最重要的事情了！大家见面都喜欢问：吃了吗？与吃相关的词汇更是数不胜数：吃豆腐、吃官司、吃不了兜着走、吃一堑长一智、吃里扒外...不过这些与真正的吃都没啥联系。现在中国大江南北、长城内外，各大菜系的餐厅应该都开得琳琅满目，街边小吃也数不胜数。不过从美食小吃的品种、数量、味道及受欢迎程度上来看，还是以发源于南方的美食小吃占主导，特别是来自巴蜀大地的。八大菜系里也只有鲁菜是发源于北方的。其实这也是有原因的，个人愚见：首先南方的物产肯定是比北方要丰富，其吃北方历史上不是天灾就是人祸的，民众能够填饱肚子都算不错了，哪儿有那么多闲情逸致向南方人那样研究吃的啊。  对于生活在海外的很多中国人来讲，吃，应该也算是最痛苦的事情了。除了洛杉矶那些遍地地道中餐的城市以及啃汉堡面包也能度日的亲。很多中国人到了国外，可能当地的语言没有学好，但是厨艺肯定突飞猛进了。还好我在国内时，厨艺还算过意得去，来夏威夷一切也就艰苦奋斗、自力更生了，唐人街能够买到酱油、醋、豆瓣酱及其它基本的香料和调料 ，除了花椒需要从成都带来夏威夷。之前夏威夷几乎难觅到好吃的中餐，多是菜做得都不咋正宗店面装修得破破烂烂的广东餐厅为主，这些餐厅都喜欢夹杂着卖点儿厨艺还不如我的川菜等其它菜系的菜，就不好好干自己的老本行，你说这东西能做的好吃吗。美国的很多所谓的中餐还是韩国人开的，有的炒菜的厨师还他妈的墨西哥人，而很多日本拉面店啥的都是中国人开的。  上前年的时候，夏威夷才开了一间环境及菜品都还不错的小肥羊火锅店，也终算是有了一间拿得出手可以给中国人长点儿脸的中餐厅了。虽然很多国内来的客人都说小肥羊在中国不好吃也都快开不下去，不过夏威夷的小肥羊生意却异常的好，基本上都需要排队。这是为何？因为现在夏威夷生活的中国人及来旅游的中国人真不少，但是拿得出手的中餐真是寥寥无几。以前都不敢带日本妹子吃Chinese Food，味道都是其吃，多数餐厅的环境太他妈吓人，怕给中国人丢脸。不管在国内还是国外，很多中餐厅给人的感觉就是脏乱破，都不知道经营者是咋想的，就舍不得把环境卫生弄好一点，再看看人家日本人韩国人的餐厅就要好很多，中餐油烟大不是理由。还有夏威夷有钱的中国人也真不少，也没见有人开间环境等方面好一些的超市，中国人开的破破烂烂的超市都在破破烂烂满街流浪汉的唐人街，而很多人是几乎不会涉足这片区域的。这就是中国人及其事物给外界的一面形象！  去年夏威夷是终于开了一间菜品味道及环境卫生都很好的川菜餐厅：滋味成都。该餐厅虽然面积不大，但是菜品还是比较丰富味道也非常的地道，实属难得。川菜在日本算是属于非常受欢迎的，不过做得都太他妈日式，带日本妹子吃滋味成都，她们都觉得是她们此生吃过的最好吃的Chinese Food。滋味成都在洛杉矶算是非常出名的，生意也非常的好。以前每吃去洛杉矶，一下了飞机就直接开车去店门口拍长队(⊙﹏⊙)逼，理解吃货的苦衷。所以滋味成都在夏威夷一开，我就几乎没有咋在家里做饭了。每个周都会造访几吃，除了自己对麻啦鲜香的需求外，更多的是带客人去改善伙食，O(∩_∩)O~ 以前遇到有的客人对我的要求是：每天玩儿都是其吃，每顿要求吃中餐! 以前还确实比较难办，不过现在这个问题已经解决，有的客人在夏威夷旅游几天，几乎每天都会到滋味成都吃饭。有的人可能会说，到国外就应该吃当地的食物，坚决不会吃中餐。其实也是可以理解的，像我这种虽然在国外生活了多年的人，到了像纽约洛杉矶费城等这些大城市，我做的第一件事情肯定也是找中餐厅，特别是川菜。老外的食物除了品种少外，很多东西真是第一口好吃第二口腻第三口就想吐了，对于可以天天顿顿啃面包度日的老外，吃一顿我们觉得特难吃的美式中餐他们都已经觉得够幸福了！所以很多人的心是美国心，胃永远是中国胃！,11,"[""60"", ""122"", ""165"", ""273"", ""281"", ""313"", ""334"", ""343"", ""435"", ""504"", ""515""]",米国 -> 美国,train
codedlang:398:01,Crowd-AI-Lab/CodedLang,398,劳资,劳资,劳资,lao zi,老子,老子,lao zi,lɑʊ tsɹ̩,lɑʊ tsɹ̩,lɑʊ tsɹ̩,lɑʊ tsɹ̩,否,[],official_dictionary_casefold,歧义同音词,ambiguous_homophone,lao2 zi1,lao3 zi,lau̯˧˥ tsɹ̩˥,lau̯˧˩˧ tsɹ̩,里面工作人员他妈的架子摆的这么大 劳资又没欠你们钱  废物些,里面工作人员他妈的架子摆的这么大 老子又没欠你们钱  废物些,1,"[""398""]",劳资 -> 老子,train
codedlang:773:01,Crowd-AI-Lab/CodedLang,773,积极,积极,积极,ji ji,自己,自己,zi ji,tɕi tɕi,tɕi tɕi,tsɹ̩ tɕi,tsɹ̩ tɕi,否,[],official_dictionary_casefold,歧义同音词,"ambiguous_homophone, non_lexical_homophone, phonetic",ji1 ji2,zi4 ji3,tɕi˥ tɕi˧˥,tsɹ̩˥˩ tɕi˧˩˧,超级喜欢他们家的炸鸡汉堡 就是不多给辣酱。不过也可能我积极太极贼jizei,超级喜欢他们家的炸鸡汉堡 就是不多给啦酱。不过也可能我自己太鸡贼鸡贼,1,"[""773""]",积极 -> 自己,train
codedlang:17:01,Crowd-AI-Lab/CodedLang,17,蔡,蔡,蔡,cai,菜,菜,cai,tsʰai,tsʰai,tsʰai,tsʰai,否,[],official_dictionary_casefold,歧义同音词,ambiguous_homophone,cai4,cai4,tsʰai̯˥˩,tsʰai̯˥˩,蔡好,菜好,3,"[""17"", ""831"", ""900""]",蔡 -> 菜,train
codedlang:875:02,Crowd-AI-Lab/CodedLang,875,药,药,药,yao,要,要,yao,iɑʊ,iɑʊ,iɑʊ,iɑʊ,否,[],official_dictionary_casefold,歧义同音词,"ambiguous_homophone, non_lexical_homophone",yao4,yao4,jau̯˥˩,jau̯˥˩,落膻鸡ins网红打卡点儿 你要是有个爱美的妹子或是好奇感十足，就去。 会有很多日本，韩国妹子also。 有人拍照药记得插袋。 车就街pa，投币的。 相机镜头最好是50mm定焦，距离刚刚好。 这附近离潮牌一条街也不远，离the Grove也不远。去哪哪儿都方便。,洛杉矶ins网红打卡点儿 你要是有个爱美的妹子或是好奇感十足，就去。 会有很多日本，韩国妹子also。 有人拍照要记得插袋。 车就街pa，投币的。 相机镜头最好是50妹妹定焦，距离刚刚好。 这附近离潮牌一条街也不远，离the Grove也不远。去哪哪儿都方便。,1,"[""875""]",药 -> 要,train
codedlang:690:01,Crowd-AI-Lab/CodedLang,690,睹場,睹場,睹場,du chang,賭場,賭場,du chang,tu ʈʂʰɑŋ,tu ʈʂʰɑŋ,tu ʈʂʰɑŋ,tu ʈʂʰɑŋ,否,[],official_dictionary_casefold,非词汇同音词,"non_lexical_homophone, phonetic",du3 chang3,du3 chang3,tu˧˩˧ ʈʂʰa˧˩˧ŋ,tu˧˩˧ ʈʂʰa˧˩˧ŋ,"紅鷹睹場不好是要D人打機打4OO分先送二十元D人打機,好次我有一次打了4OO分比紅鷹,睹場有比二十元我打機,之後我沒有去一星期,紅鷹就没有比二十元我打機,我輸了很多錢在紅鷹,真不恭平。","紅鷹賭場不好是要啲人打機打4OO分先送二十元啲人打機,好吃我有一吃打了4OO分比紅鷹,賭場有比二十元我打機,之後我沒有去一星期,紅鷹就没有比二十元我打機,我輸了很多錢在紅鷹,真不公平。",1,"[""690""]",睹場 -> 賭場,train
codedlang:75:01,Crowd-AI-Lab/CodedLang,75,知本家,知本家,知本家,zhi ben jia,资本家,资本家,zi ben jia,ʈʂɻ̩ pən tɕia,ʈʂɻ̩ pən tɕia,tsɹ̩ pən tɕia,tsɹ̩ pən tɕia,否,[],official_dictionary_casefold,非词汇同音词,non_lexical_homophone,zhi1 ben3 jia1,zi1 ben3 jia1,ʈʂɻ̩˥ pə˧˩˧n tɕja˥,tsɹ̩˥ pə˧˩˧n tɕja˥,牛逼 fuyao 让美国老看到什么是真正的知本家.,牛逼 fuyao 让美国老看到什么是真正的资本家.,1,"[""75""]",知本家 -> 资本家,train
codedlang:518:02,Crowd-AI-Lab/CodedLang,518,敲,敲,敲,qiao,超,超,chao,tɕʰiɑʊ,tɕʰiɑʊ,ʈʂʰɑʊ,ʈʂʰɑʊ,否,[],official_dictionary_casefold,歧义同音词,ambiguous_homophone,qiao1,chao1,tɕʰjau̯˥,ʈʂʰau̯˥,只卖冰饮 最好喝没有之一！！！！！ 水果都是新鲜的看的到 料炒鸡足！！价格也很棒！敲喜欢！！！,只卖冰饮 最好喝没有之一！！！！！ 水果都是新鲜的看的到 料超级足！！价格也很棒！超喜欢！！！,10,"[""518"", ""540"", ""543"", ""629"", ""705"", ""706"", ""775"", ""788"", ""800"", ""836""]",敲 -> 超,train
codedlang:46:01,Crowd-AI-Lab/CodedLang,46,炒鸡,炒鸡,炒鸡,chao ji,超级,超级,chao ji,ʈʂʰɑʊ tɕi,ʈʂʰɑʊ tɕi,ʈʂʰɑʊ tɕi,ʈʂʰɑʊ tɕi,否,[],official_dictionary_casefold,歧义同音词,ambiguous_homophone,chao3 ji1,chao1 ji2,ʈʂʰau̯˧˩˧ tɕi˥,ʈʂʰau̯˥ tɕi˧˥,价格很实惠！！ 前台小姐姐态度很好！！！ 店里推荐的果汁儿也很好喝 不给你加冰满满一杯！！要冰块的话 店里有机子可以自己去拿！ New orleans donut 炒鸡好吃！！！！！强烈推荐！以后有机会还要来！！,价格很实惠！！ 前台小姐姐态度很好！！！ 店里推荐的果汁儿也很好喝 不给你加冰满满一杯！！要冰块的话 店里有机子可以自己去拿！ New orleans donut 超级好吃！！！！！强烈推荐！以后有机会还要来！！,44,"[""46"", ""49"", ""52"", ""59"", ""61"", ""89"", ""140"", ""146"", ""161"", ""203"", ""223"", ""232"", ""252"", ""254"", ""272"", ""294"", ""306"", ""320"", ""327"", ""361"", ""369"", ""370"", ""371"", ""378"", ""387"", ""390"", ""397"", ""416"", ""419"", ""420"", ""421"", ""438"", ""439"", ""452"", ""469"", ""480"", ""510"", ""518"", ""528"", ""550"", ""728"", ""819"", ""830"", ""866""]",炒鸡 -> 超级,train
codedlang:513:01,Crowd-AI-Lab/CodedLang,513,ㄔㄜ,ㄔㄜ,ㄔㄜ,ㄔ ㄜ,车,车,che,,,ʈʂʰɤ,ʈʂʰɤ,是,"[{""type"": ""source_unresolved_symbol_or_digit""}, {""type"": ""source_unresolved_symbol_or_digit""}]",official_dictionary_casefold,语音替代,phonetic,ch e,che1,ʈ͡ʂʰɤ,ʈʂʰɤ˥,去西北大學可以在這停ㄔㄜ,去西北大學可以在這停车,1,"[""513""]",ㄔㄜ -> 车,train
codedlang:892:01,Crowd-AI-Lab/CodedLang,892,b,b,b,b,逼,逼,bi,bˈiː,bˈiː,pi,pi,否,[],official_dictionary_casefold,语音替代,phonetic,b,bi1,pi˥,pi˥,（图挂了的话告诉你们就是门口到带位的这只鸡）这个b长着一张死爹哭妈的脸 跟车祸现场一样 一上楼会说中文不说 说着一嘴烂b英语 问有没有热水说没有！（结果是有的）你妈咋死的？狗东西 祝你全家爆炸，病房k歌，灵堂酒会，丧宴烤尸，送葬摇滚，灵车漂移，坟头蹦迪，骨灰拌饭，祖坟歌会，宗庙拍片，尸块养猪，脑浆浇花，灵堂派对，葬礼庆典，骨髓煮汤，棺木开花，棺板冲浪，树上挂妈,（图挂了的话告诉你们就是门口到带位的这只鸡）这个逼长着一张死爹哭妈的脸 跟车祸现场一样 一上楼会说中文不说 说着一嘴烂逼英语 问有没有热水说没有！（结果是有的）你妈咋死的？狗东西 祝你全家爆炸，病房k歌，灵堂酒会，丧宴烤尸，送葬摇滚，灵车漂移，坟头蹦迪，骨灰拌饭，祖坟歌会，宗庙拍片，尸块养猪，脑浆浇花，灵堂派对，葬礼庆典，骨髓煮汤，棺木开花，棺板冲浪，树上挂妈,1,"[""892""]",b -> 逼,train
codedlang:102:01,Crowd-AI-Lab/CodedLang,102,内个,内个,内个,nei ge,那个,那个,na ge,nei kɤ,nei kɤ,na kɤ,na kɤ,否,[],official_dictionary_casefold,非词汇同音词,non_lexical_homophone,nei4 ge4,na4 ge,nei̯˥˩ kɤ˥˩,na˥˩ kɤ,内个像三明治的东西特别好吃，但是就是地方太吵了，东西真的是又好吃又便宜，但是两个人喊着都听不见…,那个像三明治的东西特别好吃，但是就是地方太吵了，东西真的是又好吃又便宜，但是两个人喊着都听不见…,2,"[""102"", ""171""]",内个 -> 那个,train
codedlang:164:01,Crowd-AI-Lab/CodedLang,164,辣么,辣么,辣么,la me,那么,那么,na me,la mɤ,la mɤ,na mɤ,na mɤ,否,[],official_dictionary_casefold,非词汇同音词,non_lexical_homophone,la4 me,na4 me,la˥˩ mɤ,na˥˩ mɤ,辣么好吃,那么好吃,2,"[""164"", ""488""]",辣么 -> 那么,train
codedlang:311:01,Crowd-AI-Lab/CodedLang,311,嘟,嘟,嘟,du,都,都,dou,tu,tu,toʊ,toʊ,否,[],official_dictionary_casefold,歧义同音词,ambiguous_homophone,du1,dou1,tu˥,tou̯˥,这个地方方便，早餐、午餐、晚餐嘟适合上班人士,这个地方方便，早餐、午餐、晚餐都适合上班人士,4,"[""311"", ""409"", ""489"", ""509""]",嘟 -> 都,train
codedlang:39:01,Crowd-AI-Lab/CodedLang,39,灰常,灰常,灰常,hui chang,非常,非常,fei chang,xuei ʈʂʰɑŋ,xuei ʈʂʰɑŋ,fei ʈʂʰɑŋ,fei ʈʂʰɑŋ,否,[],official_dictionary_casefold,非词汇同音词,non_lexical_homophone,hui1 chang2,fei1 chang2,xwei̯˥ ʈʂʰa˧˥ŋ,fei̯˥ ʈʂʰa˧˥ŋ,灰常不错的餐厅，点original+bun的，有点像花卷加肉团，酱也特别好吃，适合亚洲人…还有catfish也不错，不过只有rice的，我今天喉咙痛没有点neighborhood，有点遗憾……据说是最热门的…,非常不错的餐厅，点original+逼un的，有点像花卷加肉团，酱也特别好吃，适合亚洲人…还有catfish也不错，不过只有rice的，我今天喉咙痛没有点neigh逼orhood，有点遗憾……据说是最热门的…,10,"[""39"", ""51"", ""128"", ""278"", ""392"", ""451"", ""461"", ""487"", ""496"", ""860""]",灰常 -> 非常,train
codedlang:872:01,Crowd-AI-Lab/CodedLang,872,含裹魚,含裹魚,含裹魚,han guo yu,韩国瑜,韩国瑜,han guo yu,xan kuɔ y,xan kuɔ y,xan kuɔ y,xan kuɔ y,否,[],official_dictionary_casefold,非词汇同音词,"emoji, non_lexical_homophone",han2 guo3 yu2,han2 guo2 yu2,xa˧˥n kwo˧˩˧ y˧˥,xa˧˥n kwo˧˥ y˧˥,沒有含裹魚🇰🇷🐟就沒有傷害，這是一個真正安全的台灣,沒有韩国瑜韩国瑜就沒有傷害，這是一個真正安全的台灣,1,"[""872""]",含裹魚 -> 韩国瑜,train
codedlang:157:03,Crowd-AI-Lab/CodedLang,157,JB,JB,JB,JB,鸡巴,鸡巴,ji ba,dʒˌeɪbˈiː,dʒˌeɪbˈiː,tɕi pa,tɕi pa,否,[],official_dictionary_casefold,语音替代,"ambiguous_homophone, non_lexical_homophone, phonetic",jb,ji1 ba1,ˈdʒeɪ pi˥,tɕi˥ pa˥,加福草泥马的，保险给你钱了尼玛跟我索赔，尼玛脑门子被JB顶坏了是不是，我打电话给保险，保险跟我说付过你们钱了 让我打电话给你们，你们这才知道付过钱了，现在一声不吭了，服务态度差的跟没家教一样，没人教是不是，下剑胚子，DON'T COME THIS PLACE ，They will ask you for a claim after they charge，They are very rude and uneducated!Very unprofessional!!!,加福操你妈的，保险给你钱了你妈跟我索赔，你妈脑门子被鸡巴顶坏了是不是，我打电话给保险，保险跟我说付过你们钱了 让我打电话给你们，你们这才知道付过钱了，现在一声不吭了，服务态度差的跟没家教一样，没人教是不是，下贱胚子，啲ON'T COME THIS PLACE ，They will ask you for a claim after they charge，They are very rude and uneducated!Very unprofessional!!!,2,"[""157"", ""440""]",JB -> 鸡巴,train
codedlang:28:01,Crowd-AI-Lab/CodedLang,28,Jb,Jb,Jb,Jb,鸡巴,鸡巴,ji ba,dʒˌeɪbˈiː,dʒˌeɪbˈiː,tɕi pa,tɕi pa,否,[],official_dictionary_casefold,语音替代,phonetic,jb,ji1 ba1,ˈdʒeɪ pi˥,tɕi˥ pa˥,什么Jb东西 番薯冰的要死 外卖态度及其恶劣 bk很多选择 千万别点这家  terrible sweet potato fries cold and bad never order again next time !,什么鸡巴东西 番薯冰的要死 外卖态度及其恶劣 逼k很多选择 千万别点这家  terri逼le sweet potato fries cold and 逼ad never order again next time !,1,"[""28""]",Jb -> 鸡巴,train
codedlang:773:02,Crowd-AI-Lab/CodedLang,773,极贼,极贼,极贼,ji zei,鸡贼,鸡贼,ji zei,tɕi tsei,tɕi tsei,tɕi tsei,tɕi tsei,否,[],official_dictionary_casefold,非词汇同音词,"ambiguous_homophone, non_lexical_homophone, phonetic",ji2 zei2,ji1 zei2,tɕi˧˥ tsei̯˧˥,tɕi˥ tsei̯˧˥,超级喜欢他们家的炸鸡汉堡 就是不多给辣酱。不过也可能我积极太极贼jizei,超级喜欢他们家的炸鸡汉堡 就是不多给啦酱。不过也可能我自己太鸡贼鸡贼,1,"[""773""]",极贼 -> 鸡贼,train
codedlang:674:01,Crowd-AI-Lab/CodedLang,674,TM,TM,TM,TM,他妈,他妈,ta ma,tˌiːˈɛm,tˌiːˈɛm,tʰa ma,tʰa ma,否,[],official_dictionary_casefold,语音替代,"ambiguous_homophone, phonetic",tm,ta1 ma1,ˈti ˈɛm,tʰa˥ ma˥,差评！好吃不好吃先不说，你TM一中餐厅没有中文菜单为什么？MLGB滴！出洋相！,差评！好吃不好吃先不说，你他妈一中餐厅没有中文菜单为什么？妈了个逼的！出洋相！,2,"[""674"", ""894""]",TM -> 他妈,validation
codedlang:205:04,Crowd-AI-Lab/CodedLang,205,SB,SB,SB,SB,傻逼,傻逼,sha bi,ˌɛsbˈiː,ˌɛsbˈiː,ʂa pi,ʂa pi,否,[],official_dictionary_casefold,语音替代,"ambiguous_homophone, non_lexical_homophone, orthographic, phonetic",sb,sha3 bi1,ˈɛs pi˥,ʂa˧˩˧ pi˥,里面有个岁数一看就尼玛中年油腻男还当服务员，真给你玛长脸了，SB我就去年买了块表的，镇jb想弄你这个biang艹的。,里面有个岁数一看就你妈中年油腻男还当服务员，真给你妈长脸了，SB我就去你妈了个逼的，真鸡巴想弄你这个逼iang草的。,1,"[""205""]",SB -> 傻逼,validation
codedlang:792:02,Crowd-AI-Lab/CodedLang,792,cao你吗,cao你吗,cao你吗,cao ni ma,操你妈,操你妈,cao ni ma,tsʰɑʊ ni ma,tsʰɑʊ ni ma,tsʰɑʊ ni ma,tsʰɑʊ ni ma,否,[],official_dictionary_casefold,语音替代,"ambiguous_homophone, phonetic",cao ni3 ma,cao1 ni3 ma1,tsʰau̯ ni˧˩˧ ma,tsʰau̯˥ ni˧˩˧ ma˥,接待和护士比较冷漠，而且看病等待的时间直接会导致你错过最佳治疗时间，不管你说你有多严重她都叫你必须等，而且医院有推卸责任的动作，本来我老婆怀孕只是有一点流血，但是在医院等待到看病的时间用了6个小时，直接导致流产，最后医生还不告诉我们是流产了喊我们第二天去妇科医生在检查，第二天我们去了过后医生看到报告就告诉我们流产了是，在第一天不告诉我们是怕我们告他吗？sb东西些，cao你吗,接待和护士比较冷漠，而且看病等待的时间直接会导致你错过最佳治疗时间，不管你说你有多严重她都叫你必须等，而且医院有推卸责任的动作，本来我老婆怀孕只是有一点流血，但是在医院等待到看病的时间用了厉害个小时，直接导致流产，最后医生还不告诉我们是流产了喊我们第二天去妇科医生在检查，第二天我们去了过后医生看到报告就告诉我们流产了是，在第一天不告诉我们是怕我们告他吗？傻逼东西些，操你妈,1,"[""792""]",cao你吗 -> 操你妈,validation
codedlang:234:02,Crowd-AI-Lab/CodedLang,234,几把,几把,几把,ji ba,鸡巴,鸡巴,ji ba,tɕi pa,tɕi pa,tɕi pa,tɕi pa,否,[],official_dictionary_casefold,非词汇同音词,non_lexical_homophone,ji3 ba3,ji1 ba1,tɕi˧˩˧ pa˧˩˧,tɕi˥ pa˥,太几把难吃了 还贼特么贵 一百刀还不如去嫖,太鸡巴难吃了 还贼他妈贵 一百刀还不如去嫖,12,"[""234"", ""341"", ""467"", ""583"", ""595"", ""623"", ""661"", ""696"", ""727"", ""760"", ""849"", ""850""]",几把 -> 鸡巴,validation
codedlang:877:01,Crowd-AI-Lab/CodedLang,877,特码,特码,特码,te ma,他妈,他妈,ta ma,tʰɤ ma,tʰɤ ma,tʰa ma,tʰa ma,否,[],official_dictionary_casefold,非词汇同音词,non_lexical_homophone,te4 ma3,ta1 ma1,tʰɤ˥˩ ma˧˩˧,tʰa˥ ma˥,这个地方是网咖就行了，都特码玩电脑的，surface pro屏幕再次出现问题，停车场有3层，实际店地址非常难找，有大概10个左右agent，然而有appointment还要排队，效率非常低下,这个地方是网咖就行了，都他妈玩电脑的，surface pro屏幕再吃出现问题，停车场有3层，实际店地址非常难找，有大概10个左右agent，然而有appoin他妈ent还要排队，效率非常低下,1,"[""877""]",特码 -> 他妈,test_seen_variant
codedlang:396:04,Crowd-AI-Lab/CodedLang,396,TMD,TMD,TMD,TMD,他妈的,他妈的,ta ma de,tˌiːˌɛmdˈiː,tˌiːˌɛmdˈiː,tʰa ma tɤ,tʰa ma tɤ,否,[],official_dictionary_casefold,语音替代,"non_lexical_homophone, orthographic, phonetic",tmd,ta1 ma1 de,ˈti ˈɛm ti,tʰa˥ ma˥ tɤ,艹尼玛币的垃圾公司，赶紧倒闭吧，好不容易网上卖东西，结果客人退货，退货就算了，你牠妈的还收了那么多的手续费，老子没挣一分钱你TMD还收手续费！做梦去吧，操你妈逼的，还让讨债公司来收费，你他妈的真贱啊。去死吧老子一毛都不会给的！,草你妈逼的垃圾公司，赶紧倒闭吧，好不容易网上卖东西，结果客人退货，退货就算了，你他妈的还收了那么多的手续费，老子没挣一分钱你他妈的还收手续费！做梦去吧，操你妈逼的，还让讨债公司来收费，你他妈的真贱啊。去死吧老子一毛都不会给的！,5,"[""396"", ""577"", ""656"", ""750"", ""867""]",TMD -> 他妈的,test_seen_variant
codedlang:205:01,Crowd-AI-Lab/CodedLang,205,你玛,你玛,你玛,ni ma,你妈,你妈,ni ma,ni ma,ni ma,ni ma,ni ma,否,[],official_dictionary_casefold,非词汇同音词,"ambiguous_homophone, non_lexical_homophone, orthographic, phonetic",ni3 ma3,ni3 ma1,ni˧˩˧ ma˧˩˧,ni˧˩˧ ma˥,里面有个岁数一看就尼玛中年油腻男还当服务员，真给你玛长脸了，SB我就去年买了块表的，镇jb想弄你这个biang艹的。,里面有个岁数一看就你妈中年油腻男还当服务员，真给你妈长脸了，SB我就去你妈了个逼的，真鸡巴想弄你这个逼iang草的。,2,"[""205"", ""766""]",你玛 -> 你妈,test_seen_variant
codedlang:193:02,Crowd-AI-Lab/CodedLang,193,NMSL,NMSL,NMSL,NMSL,你妈死了,你妈死了,ni ma si le,ˌɛnˌɛmˌɛsˈɛl,ˌɛnˌɛmˌɛsˈɛl,ni ma sɹ̩ lɤ,ni ma sɹ̩ lɤ,否,[],official_dictionary_casefold,语音替代,"non_lexical_homophone, phonetic",nmsl,ni3 ma1 si3 le,ˈɛm ˈɛm ˈɛs ˈɛɫ,ni˧˩˧ ma˥ sɹ̩˧˩˧ lɤ,"NMSL,点了个外卖，真尼玛难吃，美见过能把面做得这么难吃的餐厅，你们家厨师是用脚做的菜？？？🤮","你妈死了,点了个外卖，真你妈难吃，没见过能把面做得这么难吃的餐厅，你们家厨师是用脚做的菜？？？🤮",1,"[""193""]",NMSL -> 你妈死了,test_seen_variant
codedlang:277:02,Crowd-AI-Lab/CodedLang,277,nmb,nmb,nmb,nmb,你妈逼,你妈逼,ni ma bi,ˌɛnˌɛmbˈiː,ˌɛnˌɛmbˈiː,ni ma pi,ni ma pi,否,[],official_dictionary_casefold,语音替代,"non_lexical_homophone, phonetic",nmb,ni3 ma1 bi1,ˈɛn ˈɛm pi˥,ni˧˩˧ ma˥ pi˥,住在索尔万，只有一句话：谁nmb……过来high！驻唱帅哥，新鲜啤酒！热辣妹纸！当然！主要是妹纸😍,住在索尔万，只有一句话：谁你妈逼……过来high！驻唱帅哥，新鲜啤酒！热啦妹子！当然！主要是妹子😍,1,"[""277""]",nmb -> 你妈逼,test_seen_variant
codedlang:881:01,Crowd-AI-Lab/CodedLang,881,shab,shab,shab,shab,傻逼,傻逼,sha bi,ʃˈab,ʃˈab,ʂa pi,ʂa pi,否,[],official_dictionary_casefold,语音替代,phonetic,shab,sha3 bi1,ʂa pi˥,ʂa˧˩˧ pi˥,我2018.1.12晚上七八点去的玛雅 我真的不知道你们是怎么当一个没有一点点管理能力的人去当经理的 对待客户我态度非常不好 跟不用说对待员工的 这样的经理一定是谁跟它好它就对谁好一点 脸非常的臭 放东西就是甩在桌上 我之前一周也来了你们店 我以为可能是因为心情不好 毕竟服务员也是人 没想到这次去还是这样 太让人失望了 东西很好吃各方面都很好 就是shab经理不行,我201不.1.12晚上七八点去的玛雅 我真的不知道你们是怎么当一个没有一点点管理能力的人去当经理的 对待客户我态度非常不好 跟不用说对待员工的 这样的经理一定是谁跟它好它就对谁好一点 脸非常的臭 放东西就是甩在桌上 我之前一周也来了你们店 我以为可能是因为心情不好 毕竟服务员也是人 没想到这吃去还是这样 太让人失望了 东西很好吃各方面都很好 就是傻逼经理不行,1,"[""881""]",shab -> 傻逼,test_seen_variant
codedlang:15:01,Crowd-AI-Lab/CodedLang,15,6,6,六,liu,厉害,厉害,li hai,liou,liou,li xai,li xai,否,[],official_dictionary_casefold,歧义同音词,ambiguous_homophone,liu4,li4 hai4,ljou̯˥˩,li˥˩ xai̯˥˩,6到爆炸！！超级好吃的烤鱼！！烤鱼届的翘楚！！老板人很好，还送了一份小菜～ Very delicious！It totally deserve five stars！,厉害到爆炸！！超级好吃的烤鱼！！烤鱼届的翘楚！！老板人很好，还送了一份小菜～ Very delicious！It totally deserve five stars！,1,"[""15""]",6 -> 厉害,test_seen_variant
codedlang:42:01,Crowd-AI-Lab/CodedLang,42,好ㄘ,好ㄘ,好ㄘ,hao ㄘ,好吃,好吃,hao chi,,xɑʊ,xɑʊ ʈʂʰɻ̩,xɑʊ ʈʂʰɻ̩,是,"[{""type"": ""source_unresolved_symbol_or_digit""}]",official_dictionary_casefold,语音替代,phonetic,hao3 c,hao3 chi1,xau̯˧˩˧ tsʰ,xau̯˧˩˧ ʈʂʰɻ̩˥,好ㄘ,好吃,21,"[""42"", ""43"", ""106"", ""115"", ""118"", ""120"", ""151"", ""153"", ""196"", ""197"", ""204"", ""253"", ""266"", ""339"", ""407"", ""413"", ""442"", ""460"", ""465"", ""537"", ""539""]",好ㄘ -> 好吃,test_seen_variant
codedlang:674:02,Crowd-AI-Lab/CodedLang,674,MLGB,MLGB,MLGB,MLGB,妈了个逼,妈了个逼,ma le ge bi,ˌɛmˌɛldʒˌiːbˈiː,ˌɛmˌɛldʒˌiːbˈiː,ma lɤ kɤ pi,ma lɤ kɤ pi,否,[],official_dictionary_casefold,语音替代,"ambiguous_homophone, phonetic",mlgb,ma1 le ge4 bi1,ˈɛm  ˈɛɫ/ ˈdʒi pi˥,ma˥ lɤ kɤ˥˩ pi˥,差评！好吃不好吃先不说，你TM一中餐厅没有中文菜单为什么？MLGB滴！出洋相！,差评！好吃不好吃先不说，你他妈一中餐厅没有中文菜单为什么？妈了个逼的！出洋相！,1,"[""674""]",MLGB -> 妈了个逼,test_seen_variant
codedlang:524:01,Crowd-AI-Lab/CodedLang,524,mm,mm,mm,mm,妹妹,妹妹,mei mei,ˌɛmˈɛm,ˌɛmˈɛm,mei mei,mei mei,否,[],official_dictionary_casefold,语音替代,phonetic,mm,mei4 mei4,ˈɛm ˈɛm,mei̯˥˩ mei̯˥˩,这是我第一次来这边，这是一家有火锅与烧烤自助，最主要是价格很合理，还有我们爱吃的牛舌也随便吃，烧烤的虾也是超级好吃的，服务员mm也是超级nice的，几乎全程帮我们烤下来，也很幸运我们来的时间不是高峰期，下次会带朋友继续来的，谢谢joy,这是我第一吃来这边，这是一家有火锅与烧烤自助，最主要是价格很合理，还有我们爱吃的牛舌也随便吃，烧烤的虾也是超级好吃的，服务员妹妹也是超级nice的，几乎全程帮我们烤下来，也很幸运我们来的时间不是高峰期，下吃会带朋友继续来的，谢谢joy,2,"[""524"", ""812""]",mm -> 妹妹,test_seen_variant
codedlang:90:01,Crowd-AI-Lab/CodedLang,90,卧槽,卧槽,卧槽,wo cao,我操,我操,wo cao,uɔ tsʰɑʊ,uɔ tsʰɑʊ,uɔ tsʰɑʊ,uɔ tsʰɑʊ,否,[],official_dictionary_casefold,非词汇同音词,ambiguous_homophone,wo4 cao2,wo3 cao1,wo˥˩ tsʰau̯˧˥,wo˧˩˧ tsʰau̯˥,订过几次外卖，三个菜只给一份餐具。我去餐厅吃饭还提醒过他们记得给齐餐具。结果，今天我帮同事订餐，送过来依旧只有一个餐具，更有意思的是还少个菜，而且没有配米饭。 跟店里打电话，一个东北大妈接的，跟我说我没点这菜。？？？说要再确认一下订单。ok，fine。等了五分钟，没信儿了。我打过去，跟我说确实点了，她没看见。哈哈哈，有意思。跟我说一会儿叫快递员送，ok，fine。一会儿来电话说联系不上快递员，让我下次去店里补上。我帮同事订的，我跟他这么说他能同意？我说不行，她说那就让老板一会儿送过来。OK，fine。最有意思的来了，二十分钟后来电话，说老板出门买锅去了，没法给我送😂😂😂我服了卧槽。 整个要餐过程一波三折，不断给我惊喜。感觉他们是在过家家，不是在做生意，哈哈哈。各位看官看完吸取教训😂,订过几吃外卖，三个菜只给一份餐具。我去餐厅吃饭还提醒过他们记得给齐餐具。结果，今天我帮同事订餐，送过来依旧只有一个餐具，更有意思的是还少个菜，而且没有配米饭。 跟店里打电话，一个东北大妈接的，跟我说我没点这菜。？？？说要再确认一下订单。ok，fine。等了五分钟，没信儿了。我打过去，跟我说确实点了，她没看见。哈哈哈，有意思。跟我说一会儿叫快递员送，ok，fine。一会儿来电话说联系不上快递员，让我下吃去店里补上。我帮同事订的，我跟他这么说他能同意？我说不行，她说那就让老板一会儿送过来。OK，fine。最有意思的来了，二十分钟后来电话，说老板出门买锅去了，没法给我送😂😂😂我服了我操。 整个要餐过程一波三折，不断给我惊喜。感觉他们是在过家家，不是在做生意，哈哈哈。各位看官看完吸取教训😂,15,"[""90"", ""100"", ""137"", ""275"", ""305"", ""309"", ""314"", ""340"", ""404"", ""427"", ""446"", ""449"", ""481"", ""502"", ""512""]",卧槽 -> 我操,test_seen_variant
codedlang:376:01,Crowd-AI-Lab/CodedLang,376,曹尼玛,曹尼玛,曹尼玛,cao ni ma,操你妈,操你妈,cao ni ma,tsʰɑʊ ni ma,tsʰɑʊ ni ma,tsʰɑʊ ni ma,tsʰɑʊ ni ma,否,[],official_dictionary_casefold,非词汇同音词,non_lexical_homophone,cao2 ni2 ma3,cao1 ni3 ma1,tsʰau̯˧˥ ni˧˥ ma˧˩˧,tsʰau̯˥ ni˧˩˧ ma˥,卖的都是垃圾！  买回来的鱼都是有病的鱼！  出了店门口就不负责了   曹尼玛……,卖的都是垃圾！  买回来的鱼都是有病的鱼！  出了店门口就不负责了   操你妈……,2,"[""376"", ""424""]",曹尼玛 -> 操你妈,test_seen_variant
codedlang:522:02,Crowd-AI-Lab/CodedLang,522,滴,滴,滴,di,的,的,de,ti,ti,tɤ,tɤ,否,[],official_dictionary_casefold,歧义同音词,"ambiguous_homophone, non_lexical_homophone",di1,de,ti˥,tɤ,今年已经是Alinea连续第十次登上米其林三星宝座，来自大厨Grant Achatz的分子料理可以说是登峰造极，菜品的设计精致又复杂。 他将分子料理的理念结合奇思妙想，贯彻在了每一道菜品中。改变食物传统的状态，甚至是将食材做成胶装，用餐时如果看见端上一个气球，也别太惊讶哦~只是也有不少盆友们反映它家的味道是真的，咸🌝 话说回来，当你来到Alinea用餐时，其精致的摆盘，食材的搭配，还有神奇的烹饪方式，还是透露着丰富的趣味和创意滴~Tasting Menu价格在$210-$285左右。,今年已经是Alinea连续第十吃登上米其林三星宝座，来自大厨Grant Achatz的分子料理可以说是登峰造极，菜品的设计精致又复杂。 他将分子料理的理念结合奇思妙想，贯彻在了每一道菜品中。改变食物传统的状态，甚至是将食材做成胶装，用餐时如果看见端上一个气球，也别太惊讶哦~只是也有不少朋友们反映它家的味道是真的，咸🌝 话说回来，当你来到Alinea用餐时，其精致的摆盘，食材的搭配，还有神奇的烹饪方式，还是透露着丰富的趣味和创意的~Tasting Menu价格在$210-$2不5左右。,102,"[""522"", ""544"", ""546"", ""552"", ""557"", ""558"", ""559"", ""563"", ""566"", ""568"", ""569"", ""570"", ""571"", ""572"", ""573"", ""586"", ""587"", ""589"", ""590"", ""592"", ""593"", ""597"", ""599"", ""600"", ""604"", ""607"", ""610"", ""613"", ""622"", ""625"", ""635"", ""637"", ""638"", ""641"", ""643"", ""644"", ""647"", ""648"", ""649"", ""651"", ""654"", ""659"", ""662"", ""663"", ""666"", ""669"", ""671"", ""674"", ""677"", ""678"", ""682"", ""683"", ""684"", ""688"", ""691"", ""692"", ""699"", ""701"", ""702"", ""704"", ""710"", ""714"", ""725"", ""730"", ""733"", ""734"", ""742"", ""744"", ""745"", ""751"", ""753"", ""754"", ""755"", ""757"", ""772"", ""777"", ""781"", ""782"", ""786"", ""790"", ""802"", ""808"", ""809"", ""814"", ""816"", ""822"", ""823"", ""824"", ""826"", ""827"", ""832"", ""833"", ""838"", ""840"", ""845"", ""846"", ""854"", ""859"", ""860"", ""863"", ""864"", ""876""]",滴 -> 的,test_seen_variant
codedlang:77:01,Crowd-AI-Lab/CodedLang,77,敲击,敲击,敲击,qiao ji,超级,超级,chao ji,tɕʰiɑʊ tɕi,tɕʰiɑʊ tɕi,ʈʂʰɑʊ tɕi,ʈʂʰɑʊ tɕi,否,[],official_dictionary_casefold,歧义同音词,ambiguous_homophone,qiao1 ji1,chao1 ji2,tɕʰjau̯˥ tɕi˥,ʈʂʰau̯˥ tɕi˧˥,很温馨的小店，味道不错而且价格很便宜～～ 敲击亲民 ：） 好可惜快走了才发现～,很温馨的小店，味道不错而且价格很便宜～～ 超级亲民 ：） 好可惜快走了才发现～,2,"[""77"", ""81""]",敲击 -> 超级,test_seen_variant
codedlang:26:01,Crowd-AI-Lab/CodedLang,26,jb,jb,jb,jb,鸡巴,鸡巴,ji ba,dʒˌeɪbˈiː,dʒˌeɪbˈiː,tɕi pa,tɕi pa,否,[],official_dictionary_casefold,语音替代,phonetic,jb,ji1 ba1,ˈdʒeɪ pi˥,tɕi˥ pa˥,真的不要住这个jb地方。That’s all what I can say.,真的不要住这个鸡巴地方。That’s all what I can say.,30,"[""26"", ""205"", ""297"", ""553"", ""561"", ""584"", ""619"", ""632"", ""633"", ""650"", ""656"", ""664"", ""685"", ""689"", ""715"", ""717"", ""731"", ""739"", ""745"", ""750"", ""758"", ""763"", ""764"", ""783"", ""793"", ""794"", ""795"", ""842"", ""843"", ""858""]",jb -> 鸡巴,test_seen_variant
codedlang:773:03,Crowd-AI-Lab/CodedLang,773,jizei,jizei,jizei,jizei,鸡贼,鸡贼,ji zei,dʒˈaɪzaɪ,dʒˈaɪzaɪ,tɕi tsei,tɕi tsei,否,[],official_dictionary_casefold,语音替代,"ambiguous_homophone, non_lexical_homophone, phonetic",ji zei,ji1 zei2,tɕi tsei̯,tɕi˥ tsei̯˧˥,超级喜欢他们家的炸鸡汉堡 就是不多给辣酱。不过也可能我积极太极贼jizei,超级喜欢他们家的炸鸡汉堡 就是不多给啦酱。不过也可能我自己太鸡贼鸡贼,1,"[""773""]",jizei -> 鸡贼,test_seen_variant
